mean,err,chi2dof
-0.12398155581236937,0.0001538186248415976,1.3247256066130013
