mean,err,chi2dof
-0.034070329412916794,0.00016668006416853544,0.5265578131718518
