mean,err,chi2dof
-0.03419929806768393,0.00047732227018760555,3.087863038644211
