mean,err,chi2dof
-0.012921695620577526,2.329694778250903e-05,1.2673853997514468
