mean,err,chi2dof
-0.019097489524078134,7.212077200264132e-05,0.5250669818601043
