mean,err,chi2dof
-0.017151723771598522,0.00018505623995731998,1.5121222215144086
