mean,err,chi2dof
-0.012921695620578042,2.3296947782826883e-05,1.2673853997431304
