mean,err,chi2dof
-0.026881610696555234,9.668394703196427e-06,0.8597124114315672
