mean,err,chi2dof
-0.017059509042361646,0.00018164848008578327,1.4876337365060293
