mean,err,chi2dof
-0.026354733279072222,0.0001856667612426878,0.8774802358917387
