mean,err,chi2dof
-0.05812267757269223,0.0001603756528614698,2.0815509624561828
