mean,err,chi2dof
-0.09669925573553988,0.0005976167485412155,2.4133728864922444
