mean,err,chi2dof
-0.038116850831053734,0.00030486848399798174,1.0098267695407774
