mean,err,chi2dof
-0.03115547302286264,6.0103400014243385e-05,0.9869376285935233
