mean,err,chi2dof
-0.02988536821802734,2.6962888237011954e-05,1.0369394053412786
