mean,err,chi2dof
-0.03251055738248031,0.00014754435535747795,2.7522279828350324
