mean,err,chi2dof
-0.03203112179280571,4.79540461807616e-05,1.2365651964482947
