mean,err,chi2dof
-0.040399497361257065,0.00015805704532649407,3.3911876375685974
