mean,err,chi2dof
-0.35187631516548207,0.0015331990361503644,0.8942509670940421
