mean,err,chi2dof
-0.0160429441473016,0.00012283749295805815,0.20756184716049927
