mean,err,chi2dof
-0.059609235854772374,8.289348275910154e-05,0.7262515315295077
