mean,err,chi2dof
-0.15554324511068793,0.0033916295636188263,0.6559663474707509
