mean,err,chi2dof
-0.19732933660915475,0.004867652135821606,0.45614154427317977
