mean,err,chi2dof
-0.1657931661250761,0.007454856020787934,0.8867063452449466
