mean,err,chi2dof
-0.017467319167375303,0.005003257676545324,1.3669880986129481
