mean,err,chi2dof
-0.04387764280281487,0.0020793280635406494,1.3768481218304218
