mean,err,chi2dof
-0.020288221669612184,0.0009061882405629976,0.06294828410857124
