mean,err,chi2dof
-0.5983888162144905,0.015750669337845333,0.5741888638187789
