mean,err,chi2dof
-0.08605434405891584,0.00013847444985632155,0.5896778917604965
