mean,err,chi2dof
-0.021490138812719644,4.647304530575267e-05,0.22974170814508238
