mean,err,chi2dof
-0.5184973357671376,0.008951251639987333,0.8626928104432122
