mean,err,chi2dof
-0.1228881918966535,0.005658050095886399,0.6238441849198333
