mean,err,chi2dof
-0.1652634189852257,0.005367905069536837,0.3926987813964926
