mean,err,chi2dof
-0.05515324014404679,0.0019289000567728064,0.3660609271680727
