mean,err,chi2dof
-0.04391893628450503,6.0554003832983786e-05,0.5468174580829978
