mean,err,chi2dof
-0.012241246163240516,0.0005263040921997491,0.07633519999722052
