mean,err,chi2dof
-0.011796002989082715,0.0012156266734379521,0.4673602384470328
