mean,err,chi2dof
-0.0031307275934970777,0.0004322360441482899,0.14237941347748953
