mean,err,chi2dof
-0.6967007477777931,0.036332418560536074,0.7824216681401379
