mean,err,chi2dof
-0.31082209340290096,0.010176397138128627,2.2193585468810704
