mean,err,chi2dof
-0.03816246863601598,6.500870041352573e-05,0.45382264854686044
