mean,err,chi2dof
-0.1434475306161581,0.001118588725533236,0.8667463249598734
