mean,err,chi2dof
-0.0647994446981123,0.00422569687475618,0.9017533958820972
