mean,err,chi2dof
-0.13350534868730685,0.005901380272353654,0.345306210611975
