mean,err,chi2dof
-0.1863129912665173,0.0016225725021471518,3.2610156000141695
