mean,err,chi2dof
-0.020670753913995074,0.0014953256441102877,0.8306963701569229
