mean,err,chi2dof
-0.10028679588840153,0.0007942958779612862,0.965799521458966
