mean,err,chi2dof
-0.0530943674880177,0.002201855333729121,0.3055878662076589
