mean,err,chi2dof
-0.11656431919490474,0.00019067091524918763,0.7568116606705461
