mean,err,chi2dof
-0.05382288718544014,0.0024463925211029684,0.3490790216632271
