mean,err,chi2dof
-0.16061225569200896,0.005201598751716633,0.7377105456224812
