mean,err,chi2dof
-0.04858849765853332,0.0009755427553322109,0.10523828482400953
