mean,err,chi2dof
-0.4802543555363215,0.002616330394704735,1.5234938394824507
