mean,err,chi2dof
-0.21347234186026784,0.0046366064637474395,0.49377364470654567
