mean,err,chi2dof
-0.07089414352865073,0.007001711392535273,0.29470433317906036
