mean,err,chi2dof
-0.0031742078046719784,1.8708473451868145e-05,0.03553114566926406
