mean,err,chi2dof
-0.14982329564296,0.001729965659262898,0.6625256754100276
