mean,err,chi2dof
-0.0470427219570563,0.002048720703360794,0.3064695330874445
