mean,err,chi2dof
-0.3055080464028587,0.0016883504350142708,1.3959848436816105
