mean,err,chi2dof
-0.23030493857228324,0.004399063706430992,0.5775783745308042
