mean,err,chi2dof
-0.029717455631866545,0.0046976343184930575,1.3894801304477156
