mean,err,chi2dof
-0.154517397177908,0.0036713575122805197,2.073998112421737
