mean,err,chi2dof
-0.052318318192177894,0.0019582992143117404,0.2617107972197714
