mean,err,chi2dof
-0.17241810806713598,0.01094390588508345,1.0210901528767211
