mean,err,chi2dof
-0.10205467969125304,0.0064517506863625475,0.31279130718881526
