mean,err,chi2dof
-0.04373289048721607,0.0003942270912007217,0.9103417582330918
