mean,err,chi2dof
-0.04215651870959704,0.004337392966965879,1.4102684004262644
