mean,err,chi2dof
-0.050590721891393804,0.0014710331078910193,0.1757225477023437
