mean,err,chi2dof
-0.5507127631783119,0.04823964321449053,0.5138346925468096
