mean,err,chi2dof
-0.027531627195387896,0.0013530684852122489,0.08181709707248888
