mean,err,chi2dof
-0.009529729276063758,2.169132103329214e-05,0.5016725487227807
