mean,err,chi2dof
-0.07615249785918483,0.00011304905051145318,0.729420255843945
