mean,err,chi2dof
-0.0661865111689096,0.001898976703128785,0.7713200154325066
