mean,err,chi2dof
-0.04634009421681971,0.0004563245812032032,0.12054699197222586
