mean,err,chi2dof
-0.00440318764153827,0.0003930370076498835,0.12579240676589362
