mean,err,chi2dof
-0.1688227992357591,0.008968579566095395,0.9601149375379855
