mean,err,chi2dof
-0.10393874950879611,0.008170288399031706,0.7213029627708513
