mean,err,chi2dof
-0.060407699342817735,0.004008485890756882,1.426984538072831
