mean,err,chi2dof
-0.028965722204005985,0.0013309867636938316,1.1084888929907133
