mean,err,chi2dof
-0.06687876598974037,0.0037880387058591126,1.4489023854481675
