mean,err,chi2dof
-0.18604980174986419,0.009006236796040344,0.675226378117726
