mean,err,chi2dof
-0.13822201766254197,0.007667869987159409,0.4553385620033376
