mean,err,chi2dof
-0.09333081965835179,0.0054078904039447494,0.6237096890544341
