mean,err,chi2dof
-0.005558227898599757,0.005148149996860987,1.3090880552466517
