mean,err,chi2dof
-0.0023739434815807357,6.894606155637606e-06,0.25287051420551626
