mean,err,chi2dof
-0.05481468183595946,0.003944453628958809,1.4416379427050714
