mean,err,chi2dof
-0.07087760458464071,0.00036975076321790117,1.620839384660593
