mean,err,chi2dof
-0.03251884464066321,0.0001498785497333081,1.3696021084138652
