mean,err,chi2dof
-0.030479111530993183,0.0003396892001874787,1.536687786953043
