mean,err,chi2dof
-0.010576253702440317,0.0006124802401813742,0.304639284933963
