mean,err,chi2dof
-0.21770186113968218,1.507083858550992e-05,0.1931256980073378
