mean,err,chi2dof
-0.17764682135176857,4.2671010460350094e-05,0.2803005388010172
