mean,err,chi2dof
-0.15476610055735465,6.753696484919957e-05,0.2589034140195608
