mean,err,chi2dof
-0.20147860163539758,1.2107332766436947e-05,0.32645575633516233
