mean,err,chi2dof
-0.20840574020479702,9.292943695557608e-06,0.34877729870050717
