mean,err,chi2dof
-0.21362764528210287,4.623293165833565e-06,0.3861407852683802
