mean,err,chi2dof
-0.1918526422542317,2.11203444872075e-05,0.3485038071689373
