mean,err,chi2dof
0.40730276016921624,0.019248757920299894,0.15773437073672086
