mean,err,chi2dof
-0.11243836239355641,0.00015527676413599074,0.3009304768237093
