mean,err,chi2dof
-0.1235309002992783,0.0001392025721252466,0.6698911857286153
