mean,err,chi2dof
-0.1239684475523028,0.00013700133365976406,1.094940886382214
