mean,err,chi2dof
-0.03279739165128285,3.928333675240359e-05,0.879045228853812
