mean_samp,err_samp,mean_fit,err_fit,chi2dof
"[-0.12006245849798401, -0.15201247976202792, -0.16042136672872806, -0.20532836382214825, -0.25500367232074345, -0.2073978765561463, -0.2097873036221786, -0.14800765476700425, -0.23660344654298784, -0.15230855807963314, -0.4225858846665561, -0.20608001630290926, -0.13158004918624058]","[0.0145877309328726, 0.013079218878981098, 0.025053541175892483, 0.03991512159165302, 0.06457874211808429, 0.03876892355311158, 0.04044230272763464, 0.05069529995323616, 0.20262730411804164, 0.044097114567003305, 0.15051188949306443, 0.03731223811577602, 0.033869614492514515]",-0.18600298092809373,0.4963783806478788,0.03320457397418326
