mean_samp,err_samp,mean_fit,err_fit,chi2dof
"[-0.06638517008937644, -0.06675792062526742, -0.06327934602957713, -0.0679363549310428, -0.07087773212163809, -0.07386976980630623, -0.0665647405495887, -0.06753411262318869, -0.06812182025184721, -0.06351866345274765, -0.06453945761869996, -0.06762052168871156, -0.061598815481841575]","[0.004767546788759952, 0.004744854045306501, 0.003929372809593872, 0.005492026952090353, 0.006780549844319713, 0.008750258802143375, 0.004222370853793752, 0.006512157433300827, 0.0062363721937876955, 0.0038683284917047844, 0.004613582807384276, 0.006567129255461438, 0.003277728432536306]",-0.053692671748198625,0.0005593331540548098,0.853561087699682
