mean_samp,err_samp,mean_fit,err_fit,chi2dof
"[-0.04249462592562831, -0.03586332995836424, -0.03317345733536074, -0.02912228848832801, -0.027005179846537476, -0.025532021176401777, -0.024544202252600227, -0.023287840283287994, -0.024170190187067234, -0.024817842869381757, -0.0250508725086038, -0.025726945234831444, -0.02612475887441053, -0.027902887870714828, -0.030372697185576315, -0.030439993938713307, -0.03257558401296273]","[0.00453390811657099, 0.0023247553397767796, 0.0016045040586231763, 0.0015345533809252385, 0.004239842253912039, 0.0042787319807806755, 0.007880750251447912, 0.00660476489328022, 0.009132504714237275, 0.005832751507227865, 0.004998270110413588, 0.006557126703974481, 0.005914233986076349, 0.007761354600301883, 0.004011018869159058, 0.0041231331189263126, 0.003700042677886614]",-0.03528648195653653,0.0005539377119968934,0.7070277510405554
