mean_samp,err_samp,mean_fit,err_fit,chi2dof
"[-0.06846008634445136, -0.06931660281042216, -0.0680614684833251, -0.06689148347647021, -0.0678437942246269, -0.06781812827046188, -0.06805466652108326, -0.06659271930383971, -0.06756741898893902]","[0.004977882820423609, 0.00560342901569604, 0.004780619286405462, 0.004355583880686216, 0.004554652983087142, 0.004673914183697085, 0.0046408574598194715, 0.003998060578726803, 0.004348762439164122]",-0.04344888495082332,0.0007762147236534375,0.5584313397822194
