mean_samp,err_samp,mean_fit,err_fit,chi2dof
"[-1.2041001334346053, -1.1408975765100222, -1.2943149817227348, -1.0703264118100613, -0.9838297134464574]","[0.10279542548240264, 0.060089360089865346, 0.07552113543776283, 0.13209713949578636, 0.07488308487471279]",-1.1301692418070581,0.00723727179000931,1.2779635217128273
