mean_samp,err_samp,mean_fit,err_fit,chi2dof
"[-0.061056912711484744, -0.07472741026671544, -0.06470581334820087, -0.06288424472022902, -0.06507286584473489, -0.06604547842039529, -0.06733699658537798]","[0.009334882000371745, 0.020794696083442588, 0.012378943482261916, 0.01026984358326253, 0.012141729791532968, 0.01323842078393182, 0.013358234926453829]",-0.04446310411501477,0.0008072825468075404,0.5003546898767631
