mean_samp,err_samp,mean_fit,err_fit,chi2dof
"[-0.4733749369464691, -0.3751794433286511, -0.35182587761350537, -0.40813932730988867, -0.37391367211251675, -0.32766325309938965, -0.31214508072303737, -0.2945499329574769, -0.27268492180355897, -0.2537360108197722, -0.25586606291971525, -0.2485928158377132, -0.25475041224381345, -0.2667591562836165, -0.25780967242197395, -0.25572908970058394, -0.24970622108590337, -0.2729154802483666, -0.29516864593174286, -0.33713514374691606, -0.3175217509148395, -0.33739035056417954, -0.4666997500294383, -0.5544606460542456, -0.4621942957328958, -0.5290972823595071, -0.49451926383877265, -0.3599337538761835, -0.29238816592793876, -0.2702463513911559, -0.2759739422048772, -0.284044050671436, -0.28498063889589914]","[0.07116871335165134, 0.05025501165129929, 0.05080472189463606, 0.23822056834682614, 0.042871193494657164, 0.05522944198367556, 0.04044531606637119, 0.05879272363785789, 0.09264033505298429, 0.09369991044680451, 0.07124443948103482, 0.07898430690213434, 0.07769698003752777, 0.35268896651494014, 0.07480328627476433, 0.17144564285363975, 0.1750680242816926, 0.06905857626989047, 0.03543392172362952, 0.04522726255210562, 0.027691440444826115, 0.03187094025657413, 0.08804376809107563, 0.13395320253920723, 0.10164372916779854, 0.12408550786076272, 0.10054984956206887, 0.041581050016880776, 0.021187473097318325, 0.011224916679831418, 0.006375530359803431, 0.010430970767791503, 0.014801037326746576]",-0.44679500738923544,10.321173391058021,0.28033327495253635
