mean_samp,err_samp,mean_fit,err_fit,chi2dof
"[-0.01721514082192721, -0.016714759490189995, -0.014578706916763566, -0.01855406298610789, -0.021370037226252886, -0.02083492556046889, -0.02794830724601129, -0.020191764615092797, -0.017402945366291476]","[0.001234715333804831, 0.0017193081813778488, 0.0007824173580286063, 0.0017329326569521858, 0.0030084979589586045, 0.002426510403499519, 0.005057359306697885, 0.0026326893609222566, 0.002349477172940873]",-0.017417620117937335,0.0012922181273516606,0.7192827215838078
