mean_samp,err_samp,mean_fit,err_fit,chi2dof
"[-0.019591799265236902, -0.01937329634946217, -0.01934801885299831, -0.02006014960545914, -0.01917174920002061, -0.020407078353506473]","[0.0019947352480322415, 0.001524218762384891, 0.001242247813587144, 0.0010266096658853607, 0.0009019752501047648, 0.0013759356680812206]",-0.016777970548649417,0.0005052082426623388,0.894960158225982
