mean_samp,err_samp,mean_fit,err_fit,chi2dof
"[-5.241037873767504, -6.908440675560843, -10.67447441555598, -6.338108480499163, -6.6491782060504825, -4.762914036133138, -4.855239748381855, -4.82858457751961, -4.201081200255323, -4.829614880855199, -4.453259116845844, -4.539156690872713, -3.6830094401544176, -3.73381630687809, -3.7871108054989593, -3.736566478261804, -2.892096177407637]","[0.9183042775423135, 1.612392556732768, 3.422390149509221, 1.3698994663835797, 1.2686447940287011, 0.630343301977029, 1.0400354869474595, 1.6125230914599955, 0.4994371308013682, 0.5226834964726098, 0.509232498802831, 0.5850903366278072, 0.31291115434932326, 0.4229116046043511, 0.43321256666179664, 0.34133276074035995, 0.08746185482320928]",-3.1756191527968323,16.020986430761695,0.8502963784377974
