mean_samp,err_samp,mean_fit,err_fit,chi2dof
"[-1.585425534243725, -1.460877333876352, -1.2908645551036684, -1.4495151766156145, -1.436423006558764, -1.3573045551908154, -1.3611274513257656, -1.3220631214923872, -1.3320020476239594, -1.5243543439296938, -1.2653440546037977, -1.3151205890779705, -1.5496304439007333, -1.4723842502820386, -1.360975602228413, -1.4547651499078602, -2.0613888122801978]","[0.1798260401887975, 0.08014625914860034, 0.0879189752467896, 0.08809446348878705, 0.04472396262690788, 0.03594971269282456, 0.045075276653866084, 0.02797123065516377, 0.035238038109900394, 0.08661868445253766, 0.04609881343356846, 0.021871845631857376, 0.1457164999630088, 0.09086278320281668, 0.05686072304820152, 0.08154197302447778, 0.38178840301007505]",-1.3790855584204287,0.0038464294811646647,1.4682161704748302
