mean_samp,err_samp,mean_fit,err_fit,chi2dof
"[-0.11968608505434551, -0.11591727012914534, -0.11673113569849407, -0.12232651676251323, -0.11774883988529837]","[0.0029635675106287245, 0.0032454947099291487, 0.003341353361595514, 0.0038750900112254935, 0.0035124279106663737]",-0.11862550927163007,0.0012337487755360497,0.7888727078916753
