mean_samp,err_samp,mean_fit,err_fit,chi2dof
"[-1.221378110635497, -1.2737993684601534, -1.318366599532, -1.2791801152595261, -1.3465143530247217, -1.1922430789528837, -1.1609509124428943, -1.204301960442179, -1.1360554833074201, -1.2721451687163687, -1.3656438484046296, -1.3763368210337157, -1.3336413644018608, -1.4811905275139279, -1.391752594432413, -1.404243153144156, -1.244259450497921, -1.2035352625415487, -1.2297564416843196, -1.2745963451685758, -1.2066927546211426, -1.1437111556979358, -1.2142290696833136, -1.2860766124722296, -1.3155101257443205, -1.4200618629164212, -1.2313008413220232, -1.2202494736838472, -1.173064202202555, -1.1989980897385748, -1.2388235224492543, -1.215901273429293, -1.1432542221200659]","[0.038536880948151574, 0.13397622097846754, 0.10467130222969459, 0.10459152086741036, 0.14345709022906042, 0.07454206421941678, 0.07908490814569033, 0.040030860181653104, 0.02645571359527256, 0.07594624444785823, 0.10427168705227528, 0.11036998174221203, 0.11030474587086984, 0.17338645324868243, 0.13263069868101202, 0.12894763205548343, 0.05817278807348138, 0.04659376646861409, 0.033375704292636865, 0.09313186887196961, 0.05492148374990505, 0.0415148519584403, 0.07111958693492054, 0.11923162417637044, 0.08683665269643746, 0.0722498674780855, 0.04226932431935781, 0.05233780766657587, 0.06875593525517232, 0.028502976586615717, 0.07068648603161355, 0.1458423960914976, 0.09914088414260727]",-1.3243941947172433,2.990057416608282,0.023527487786356903
