mean_samp,err_samp,mean_fit,err_fit,chi2dof
"[-0.02011126962828913, -0.020255042732864884, -0.025660581214516823, -0.030041272107079336]","[0.0018272172970464902, 0.0023254487854673434, 0.0023788401963986557, 0.006281263370069351]",-0.020439890573659383,0.00027426535478751067,0.9104065814524962
