mean_samp,err_samp,mean_fit,err_fit,chi2dof
"[-0.30534027267867125, -0.29695171660967895, -0.28629035460708313, -0.28809278126298266, -0.2781105434723978, -0.29316219464696625, -0.2998360479109898, -0.31305739767900176, -0.3004918721595764, -0.28523413272391057, -0.28824771233215296, -0.2870460503732306, -0.2845299916608405, -0.2646113638568993, -0.25792086284092003, -0.2628783942647155, -0.2537343351061148, -0.2631312887717749, -0.2655043519526057, -0.25886561225200144, -0.2780598784486352, -0.27560162296141727, -0.2935474193709947, -0.2943701591894469, -0.2942255343300817, -0.2915860159196471, -0.28337781095306125, -0.2864459535763801, -0.29302135831124104, -0.3125086507370003, -0.30797412067410446, -0.30232473518491954, -0.29003686879387575]","[0.03873510033437022, 0.033266062990758107, 0.027733373783803167, 0.026716838342619006, 0.02215552750642225, 0.0264758929918254, 0.029644867352131718, 0.03332510321919262, 0.029217829895861996, 0.017824404780033946, 0.02316524436435702, 0.024064311113591117, 0.02235322335483744, 0.014893135302558288, 0.01251795665020266, 0.014728280540743327, 0.012487346782793536, 0.01397651152353606, 0.014386590673703601, 0.012681136611638102, 0.022385317669456162, 0.017534754029977558, 0.023421374702702117, 0.023919579080955322, 0.024130124079660083, 0.02270326047488055, 0.021299976084171196, 0.0252540885453662, 0.026472078609472365, 0.034374579547010224, 0.02997738110809619, 0.02835027794337201, 0.022780337707104137]",-0.2618109805697286,0.4272721110157714,0.0005705046876273823
