mean_samp,err_samp,mean_fit,err_fit,chi2dof
"[-0.07470442435063941, -0.07500119239708626, -0.07423495525767314, -0.07514259764876992, -0.07543258787682615, -0.07549909142839736, -0.07520792822262863, -0.07544951453604808, -0.07505503566456925, -0.07538463504684337, -0.07502805648535323, -0.07441100453919636, -0.07431480149280102, -0.07437869379574473, -0.07363733789118826, -0.07461703448773306, -0.07444110972238993]","[0.0014478884409351142, 0.0014847428956765699, 0.0013864683170993228, 0.001554674959723762, 0.0015240304161176822, 0.0014907679856247889, 0.001471140220186258, 0.0015937659387464732, 0.0015935668021910309, 0.001573179482880087, 0.0014600580930061813, 0.0013771628633406576, 0.001242237984073082, 0.0013177863397595957, 0.0013566078515395287, 0.0014312132633354515, 0.0014335918952005716]",-0.06929839604432719,0.000544984869713003,0.8390347360992979
