mean_samp,err_samp,mean_fit,err_fit,chi2dof
"[-0.031601603857745644, -0.030388813390770996, -0.030546306353072948, -0.03039792752693644, -0.03040901013985854, -0.029547235867003096, -0.02955514024016332, -0.029028088644110314, -0.028424866904594056, -0.028324764184791573, -0.028490452297318742, -0.028596953054906997, -0.02851763847974137, -0.027635734909945437, -0.027232301541722397, -0.02757173006991171, -0.02735090837091883]","[0.0025514692633914074, 0.0020983248780244348, 0.0022246139162780203, 0.0021548953884326914, 0.0021587714037278843, 0.0018748907250933026, 0.0019242853691260335, 0.0019423993917172227, 0.0019359051157893507, 0.001799483249862396, 0.001701521698108341, 0.0017602982585275405, 0.0017232280008628307, 0.0017662002026029946, 0.0017069317314412624, 0.0015015933731984243, 0.0014187163270131715]",-0.021551556544091605,0.00038283550257998164,0.5693749266511812
