mean_samp,err_samp,mean_fit,err_fit,chi2dof
"[-0.059555857256196325, -0.06633152141198952, -0.05514076985339102, -0.06439611380512568, -0.05838503275675583, -0.06918246015631645, -0.07462821580360109, -0.0647123988391936, -0.05895716038739171, -0.05888113777645948, -0.05672815847937783, -0.0629107079815823, -0.053856799885919966]","[0.014703472043377293, 0.019826194284797094, 0.01025880397345479, 0.019899915798522155, 0.016222829992241863, 0.02645364115948594, 0.024952430573629333, 0.020593955935610916, 0.014103833266088564, 0.014279361189524591, 0.01233037121079419, 0.009300543932573777, 0.005979832647608764]",-0.045650526054791675,0.0005461315711939152,0.7007357883081582
