mean_samp,err_samp,mean_fit,err_fit,chi2dof
"[-6.658880591959758, -5.983919232999977, -11.869800985563094, -7.132836424894558, -7.556711984428131, -9.541447754086969, -6.95717534509127, -6.492955597174928, -7.08742680676561, -7.254460825536961, -6.942629172844624, -6.2024343775339075, -5.734905771411826, -5.921343811023179, -7.038053438371588, -6.087490541369799, -5.918355380501626]","[0.8900457476670398, 0.5257430034715397, 3.2671411360807716, 1.0155695682295074, 1.2483033727360517, 2.128591374232528, 0.9700873896270115, 0.6832457130672114, 0.8313479648375094, 0.8235523985553345, 0.6832336567599374, 0.8992452760479773, 0.21367311393853386, 0.28355349449644995, 0.6951178561026812, 0.7882552914052042, 0.2656872792234741]",-5.786755266447137,17.424397049188585,0.7725436961946609
