mean_samp,err_samp,mean_fit,err_fit,chi2dof
"[-1.0055500123013352, -1.0583046188972487, -1.0484490378762403, -0.9834288659424354, -0.9501648317536644, -1.0708746197703243, -1.0646677451480462, -0.9544176676689196, -0.9735770781970088, -0.9222923962540828, -0.7654850338602586, -0.8046206432242886, -0.815388350162461, -0.8682134812737514, -0.87231023934357, -0.9914918652977697, -0.9779935487193573, -1.0263001649568537, -1.147908575401276, -1.2608127804069575, -1.2451050719585322, -1.2775816592557434, -1.2207297645013677, -1.1789488603577356, -1.3246207780555153, -1.3115558878494404, -1.1997350442392154, -1.2388849895414396, -1.2302815220018988, -1.078471863291197, -1.2143862457617445, -1.0218016427984529, -1.2121233185516307]","[0.04916604817175121, 0.07725810461457827, 0.05654088562334063, 0.08011402458846385, 0.13231095480395413, 0.0737383860574814, 0.06407625866828259, 0.5100244583017065, 0.08780644772005576, 0.11667022780959367, 0.1705225474503967, 0.1698904176367692, 0.17029211986215284, 0.15000304490952554, 0.1486100411202764, 0.11819226759853037, 0.1329444399086661, 0.07747202894486796, 0.06545959039912332, 0.04380494454809437, 0.03225353286214652, 0.19037435285577486, 0.029984648676091408, 0.029894689600144162, 0.08924245580388207, 0.11040523386271446, 0.0883367495060214, 0.13114356287516304, 0.12766077347097193, 0.04165475039131842, 0.10601018271100654, 0.04796058491746078, 0.13019119972481208]",-1.076167095474574,10.834944197235965,0.30893694627422796
