mean_samp,err_samp,mean_fit,err_fit,chi2dof
"[-0.2661268966827346, -0.2662204485443188, -0.24800795754475927, -0.2390560691606593, -0.2549689895056822, -0.2567715148604985, -0.28438783788936106, -0.26122764048739255, -0.2675563892678803, -0.24381790361522004, -0.23178957079215384, -0.2507482063966263, -0.23831913272304084, -0.2623839105995681, -0.25267028796956065, -0.267690606033722, -0.26042002265464137]","[0.010931824143400926, 0.007496086383840504, 0.015564756798769909, 0.020808805014081787, 0.008130566299810033, 0.011069876236330918, 0.010319743080606314, 0.013270458507322646, 0.02521135446725161, 0.028561234008941044, 0.0157188436663071, 0.02803734570403134, 0.016733310701469366, 0.02303181979760534, 0.022715139873267363, 0.034652029871444584, 0.027990096003300043]",-0.27943823001538065,0.0007803396664300201,1.0195528594458365
