mean_samp,err_samp,mean_fit,err_fit,chi2dof
"[-0.1725280261173858, -0.18173991567958148, -0.16822112353301238, -0.1500736014366697]","[0.025260315180692005, 0.025423650064114317, 0.018439594771355514, 0.01264450741825962]",-0.15345916953540562,0.006577253435634199,0.9387036512163525
