mean_samp,err_samp,mean_fit,err_fit,chi2dof
"[-0.24206487624115372, -0.2524030319182823, -0.23993260443076092, -0.29678101126628686, -0.24774800008583897, -0.2129757132890205, -0.1964548156120542, -0.19985196020622203, -0.18102685317867412, -0.18500594847613325, -0.17087322103312844, -0.16064551331261656, -0.15377817402425403, -0.15928704140850167, -0.16936607344051702, -0.1608434486030758, -0.1817224355526145, -0.18615457358241835, -0.17295654581538694, -0.15826438594667222, -0.18069016582505204, -0.16840474051629412, -0.18651318774464867, -0.16874592501712643, -0.16576279586984005]","[0.05733084295125945, 0.061881665109600956, 0.0530874068283878, 0.07761215924085231, 0.056286742301901796, 0.04158597525463862, 0.03251855979648797, 0.03600550190927667, 0.021978168115287064, 0.023187038740798194, 0.018876159517495543, 0.016853654484634432, 0.018483920996505067, 0.032349521588618986, 0.0391083858208939, 0.02903733016462728, 0.06774223439348757, 0.1256272119613151, 0.15945792183731194, 0.05072633248656127, 0.026614910668415818, 0.02399212626558513, 0.02681399397381558, 0.01991948697099958, 0.0209654928833117]",-0.19943441746186027,1.3327829841129961,0.004130954726252437
