mean_samp,err_samp,mean_fit,err_fit,chi2dof
"[-0.02282664340834506, -0.018335561706778154, -0.018070894399116137, -0.01854467122539843, -0.01828131252894811, -0.021049122025479188, -0.018004970440664972]","[0.003691968327774176, 0.0024549925280710145, 0.003108007052290277, 0.002733438303926248, 0.003542787294924343, 0.003311875490659966, 0.002577381110693551]",-0.016694245266722658,0.0003467524623140638,0.9136258093458837
