mean_samp,err_samp,mean_fit,err_fit,chi2dof
"[-0.05163725622414116, -0.05078701565336426, -0.055768196905352736, -0.05102778015543329, -0.05004039424539376, -0.05434139530415215, -0.054442385145033176, -0.05357557892119328]","[0.0044803890886928825, 0.004801889656715263, 0.005451710761789123, 0.003477429450411348, 0.0039857646471201874, 0.00541715820991703, 0.008462934160576549, 0.005703377346740337]",-0.049039812592648474,0.001123944254024145,0.6787636783408214
