mean_samp,err_samp,mean_fit,err_fit,chi2dof
"[-0.09038933809466577, -0.07866305096144327, -0.13548356001482792, -0.11656044143708767, -0.07822791378336791, -0.06874862977123129, -0.062003227247168786]","[0.013936487712280453, 0.012266680551667143, 0.03954856913513731, 0.02924986021253495, 0.009299480936823699, 0.007857060911354673, 0.006037558452741232]",-0.05402866714422822,0.0007039760003709019,0.9218725472886247
