mean_samp,err_samp,mean_fit,err_fit,chi2dof
"[-0.28722307216295284, -0.2654304383956355, -0.21219772043296853, -0.2240053709522776, -0.2004011168557869, -0.17945225581983607, -0.16590240862617395, -0.20377904753443388, -0.2501061893935803, -0.23713481495887664, -0.2779669685828103, -0.22213738656732876, -0.2091285475650622]","[0.051478275497129626, 0.04744796341591417, 0.025011404436002967, 0.03113419578927666, 0.02014236511509951, 0.015281045344201447, 0.014858998923480304, 0.02430175923219936, 0.03979169355153069, 0.033932810626718955, 0.04955832340541212, 0.020690106524252364, 0.02291199272176785]",-0.1913148924244657,0.0029501823243507806,0.7959695767252927
