mean_samp,err_samp,mean_fit,err_fit,chi2dof
"[-5.169859115264126, -4.697967015891076, nan]","[0.1147982461413849, 0.5123463297203232, nan]",nan,nan,nan
