mean_samp,err_samp,mean_fit,err_fit,chi2dof
"[-0.10478135679612426, -0.1045796904132552, -0.10352688243037611, -0.10493532764885717, -0.10592000227248576, -0.10991460046191959, -0.1079385758611151, -0.10825149008633085, -0.10480435094695555]","[0.0033396903519339483, 0.0037288115897666017, 0.003020634841262124, 0.002876865667715209, 0.0030389283473896867, 0.0038877655019666536, 0.003798496399608032, 0.00372857228103669, 0.0024974475708466207]",-0.09883720465266872,0.0006987914921818785,0.8326065624392256
