mean_samp,err_samp,mean_fit,err_fit,chi2dof
"[-0.1322352336677288, -0.13244429740755867, -0.11680374384105172, -0.10905125179942825, -0.11888427363717392, -0.12489247025340312, -0.14296499415375952, -0.1535413038820463, -0.1600123652490048, -0.14652946429400834, -0.15148464180735832, -0.14921991431581455, -0.14212177463714745, -0.15772034703705637, -0.1396760840694858, -0.14237277479499555, -0.13112179817578298]","[0.01211238308369542, 0.0171167550319899, 0.009657250287641837, 0.01047813745815567, 0.022942796562567806, 0.01754396524886089, 0.03121139492444978, 0.03494858670630366, 0.04652205943314765, 0.02868434627442977, 0.0238732582834037, 0.02937965555774212, 0.025827816145320596, 0.04091172291645912, 0.021363894195776223, 0.018986340839622806, 0.014187255107679932]",-0.13225618352275426,0.001509569478037764,0.8377633903644491
