mean_samp,err_samp,mean_fit,err_fit,chi2dof
"[-0.8968224816484934, -0.8494758552842963, -0.8554874799676369, -0.7697758574172623, -0.767625124707979, -0.8697052514322685, -0.815779309094596, -0.9021987617929677, -0.8363330806988551, -0.8121090056357848, -0.7951315249148894, -0.7709119241243668, -0.7838097022052044, -0.7067492682722963, -0.7086879513757608, -0.7206261765715759, -0.7493534274842356, -0.7648121317603676, -0.7307839162380464, -0.7472600953221847, -0.7216944217221137, -0.7738624735448222, -0.7851536537462211, -0.8506523093985527, -0.9538258591047015, -1.0835914760967846, -1.5425286418282353, -1.312403323586685, -1.5538642011295987, -1.192535702604646, -1.091045508950051, -1.041892301165189, -1.0707027283416248]","[0.09227297309455462, 0.11738081391152358, 0.11169230130356758, 0.0978714964470644, 0.05880338850340057, 0.07479819534428142, 0.06761044073001357, 0.08133624623504558, 0.05769350628862889, 0.05366096313099403, 0.05044798593839399, 0.06718281951686503, 0.044005189595098096, 0.09559214963878045, 0.07366648432618447, 0.08861852587685218, 0.078164850215189, 0.053059716719767884, 0.06210246451104475, 0.0992593848090664, 0.09698923342230893, 0.032283835923865876, 0.03902025047428351, 0.048649713306448655, 0.09771583908817136, 0.15342977213156928, 0.3671172776280864, 0.2524561329409241, 0.3507429311826006, 0.1900156550510104, 0.14371354393997318, 0.11902939807355434, 0.1186397639825735]",-1.1113337958247413,3.8155595252613312,0.03831183611186919
