mean_samp,err_samp,mean_fit,err_fit,chi2dof
"[-0.24503454259912474, -0.262916775005588, -0.2862818216113853, -0.23622135475898473, -0.36152292004274295, -0.4141229425526144, -0.4152265143627554, -0.3283025832182146, -0.3377667999981427, -0.33373886682610776, -0.3093043320558248, -0.3367126763956566, -0.4197297618121703, -0.36543659678794044, -0.3498168353451188, -0.5515394897239496, -0.40637873900000865]","[0.036967202618312774, 0.04820154319467166, 0.0799101011838615, 0.05457897306091112, 0.1472782677758956, 0.1817120073647168, 0.17776406737009504, 0.12039269566882044, 0.13239965213255062, 0.12574062182644227, 0.11077732411513078, 0.12573629341668327, 0.16542960080116292, 0.13848140887990382, 0.13187023648133522, 0.24109366019710138, 0.15607130732069494]",-0.14739116114271733,0.007363013570994669,0.684948421765484
