mean_samp,err_samp,mean_fit,err_fit,chi2dof
"[-0.9261397496931569, -1.0927608037077086, -0.9525895328196785, -0.7975077350365868, -0.754315001891368, -0.8602331573028511, -0.6232331153743201, -0.6150215531672086, -0.7226017186870095, -0.6286671741253095, -0.7237031328725911, -0.75344728832371, -0.847335026120421, -0.6619732221182703, -1.048312269381966, -0.9199792628118291, -1.1732078853463928, -0.8939955155798124, -0.591569587917884, -0.5460797637629018, -0.5068945718855691, -0.4960211613374761, -0.5246231751136176, -0.7081328204868312, -0.7626931051964888, -0.7536611783160739, -0.7762436685162442, -0.8200122196177508, -0.842044676699721, -0.6978110796833024, -0.6773999740012661, -0.7223277424539075, -0.7353428964214462]","[0.13743967761712417, 0.20703351891548297, 0.11191128825884288, 0.17878926463685588, 0.2515911551708613, 0.15641654082578788, 0.388234708502601, 0.3302625211681166, 0.1800885604121289, 0.08955441716168831, 0.09608857788260061, 0.10222934041410442, 0.09058699586546819, 0.06258046046215997, 0.21267093443936236, 0.15646182819335744, 0.2706885837118889, 0.20197676148055246, 0.14368724425499135, 0.36164274442783, 0.17471818423102498, 0.26018670176466646, 0.3009870811343875, 0.6033648421710572, 0.4330121933585217, 0.2345529127068164, 0.2219843062253871, 0.20553669165679572, 0.15389306391569646, 0.09061006857802405, 0.18223174981364748, 0.15218970104931137, 0.0779588269866672]",-0.8600852896251943,6.565603558669209,0.1134398982148544
