mean_samp,err_samp,mean_fit,err_fit,chi2dof
"[-1.7427210575164, -1.8736131784354255, -2.516180061219017, -1.6066654553513635, -1.7874627412546753, -1.9308794134819254, -2.1628033535071918, -2.138420096663126, -1.8573247322325432, -2.3426504618684127, -3.5806817686478083, -3.02220748831862, -2.117469084393914, -1.5660381201417404, -1.5370595124135673, -1.6979731827955973, -1.8023846901407108, -1.5954673957541632, -1.8973509237065775, -2.1026450407030444, -2.5629787691639825, -3.2797484853663597, -2.7033893132039646, -3.3864000622585144, -3.0770783679800897, -4.229113379244296, -3.29865598463825, -3.204674778284379, -3.1139564420688104, -2.4690419054192243, -2.292561244381136, -4.008687305016551, -2.2723834701523833]","[0.6656772748940776, 0.27534116843453227, 0.18727987903681062, 0.23043202182355169, 0.48418640327368795, 0.6662929181076227, 0.8353231520667379, 1.409109857824931, 0.776297402879975, 0.27108466057749114, 0.9582209217566348, 0.5421178351215656, 0.22856221685576394, 0.24150979111629614, 0.861242120976366, 0.5200270873926005, 1.5152490823856384, 0.960514397181365, 2.5019393098153366, 0.4917212480566009, 0.7022079280267983, 0.7449721987348106, 0.5003453079468925, 0.755247298300634, 0.661113100695522, 1.1643743670891868, 0.762819153178291, 0.7557009279099682, 0.7232804612525668, 0.4610285858362276, 0.4395912275518582, 1.0479444976086105, 1.2588077891682885]",-2.447777795931023,4.205804539784734,0.5527747445898087
