mean_samp,err_samp,mean_fit,err_fit,chi2dof
"[-0.1633212067674985, -0.17009547411282286, -0.1768921072944442, -0.18497987074098093, -0.178085972921233, -0.16343448410200426, -0.15541745068861892, -0.1617276176150065, -0.1849081607943618, -0.19801333866103626, -0.20878264549786837, -0.2139769232428594, -0.24152069240751237, -0.30753105329424, -0.35122367197707044, -0.23760122625486543, -0.2072406332523493, -0.24758286445672167, -0.2204359158167571, -0.20031464403747157, -0.16806548253520173, -0.17390150397179713, -0.1837386013884084, -0.19853274729410658, -0.18713268481167702, -0.24123559853834153, -0.20901966075311615, -0.2055259389840379, -0.16410412057360946, -0.1574129028028404, -0.15603539599450197, -0.16313098175998011, -0.16279292502009446]","[0.036032075511223345, 0.03063515328710211, 0.03022615357795471, 0.030614983082895945, 0.02370850418765039, 0.009845972560605033, 0.018789699392597378, 0.04034940118248134, 0.03201893998812584, 0.02468595527060517, 0.026004297176781918, 0.014909111057910778, 0.03909675286974476, 0.09447027368979828, 0.09143374336132372, 0.09557457023720776, 0.05177184412210735, 0.12356161005189814, 0.04425137959945639, 0.025228190366460537, 0.0222760587274215, 0.019925015388604337, 0.024928710223006714, 0.06143775650410282, 0.06813633195759612, 0.15133341166477504, 0.12010598361987554, 0.11300414398782582, 0.05699259045716249, 0.04632918888978161, 0.044142231657616514, 0.05017027008244336, 0.044921556393498784]",-0.20402958475325642,0.6899193572220871,0.07336186016058224
