mean_samp,err_samp,mean_fit,err_fit,chi2dof
"[-0.017825420266163017, -0.014892918501385077, -0.015197156051510516, -0.014520342748178622, -0.015246324092425184, -0.01566022635892245, -0.015008256627104739, -0.014958890858823164, -0.014897685818400473, -0.015200302818485039, -0.014688671863920031, -0.014312673250818758, -0.014849190824940017]","[0.004904332142601244, 0.0027008366510674793, 0.0028991274419141507, 0.002484267080642237, 0.0028631886678511707, 0.002829979224153792, 0.0026036529821419703, 0.002389642357159442, 0.0023604900023236164, 0.0024793931931777285, 0.0023615299334646678, 0.00217537139514143, 0.002847695324187754]",-0.00659545584670464,0.0002157763599386551,0.25268215456318077
