mean_samp,err_samp,mean_fit,err_fit,chi2dof
"[-0.23941702317907432, -0.24384359447365264, -0.23409016616976763, -0.24018607354128704, -0.23530720315717546, -0.2420451444296493, -0.25544076943531663, -0.251473129139201, -0.25243110903218013, -0.2520659493912551, -0.2499431089426698, -0.2554205480704415, -0.25589024137441574, -0.25419300987301957, -0.24946800764180962, -0.2540629828005477, -0.2639774611713142]","[0.02330552661479069, 0.022892622335491167, 0.02199871069359185, 0.02389327890838188, 0.03157552547516681, 0.037604119606936964, 0.03828174747893175, 0.028917781506741774, 0.02158920883062657, 0.029104022567725277, 0.020077871707248895, 0.01606385502747999, 0.014642289858148333, 0.012691442299881525, 0.020877513426874654, 0.026615204204115374, 0.019863211184337065]",-0.28041360635992246,0.0007404638572582914,0.6412952788315158
