mean_samp,err_samp,mean_fit,err_fit,chi2dof
"[-0.015369321038098547, -0.01372600365833374, -0.01350189317939497, -0.012849991604737944, -0.012143865500113751, -0.012267462298759019, -0.012039866653316052, -0.011725085405175997, -0.011382289758210413, -0.0118905245726082, -0.011777598464574877, -0.01116985747194583, -0.011928193577113177]","[0.0029435462030456133, 0.0019505511327827787, 0.0021463961216619063, 0.0017110381030673828, 0.0011478258083174868, 0.001151796977644987, 0.0010193357873154755, 0.000839356887854538, 0.00076243649317101, 0.0008819316044559374, 0.0009328767199208733, 0.0008113128150085909, 0.001075337245095152]",-0.010088009385585038,0.00019547748068490307,0.6838989365598829
