mean_samp,err_samp,mean_fit,err_fit,chi2dof
"[-0.23293282057737458, -0.19154637037914754, -0.22845732395591753, -0.2447776864914459, -0.1957267676586504, -0.18785952405233394, -0.17468054164310737, -0.21471288950000675, -0.24280639030092227, -0.23749994794298834, -0.2687010807368275, -0.33173378880821947, -0.37395840779677386]","[0.016880443600923927, 0.019174828974623928, 0.012708126345955155, 0.02625744946862671, 0.03589865030800257, 0.029983215787714367, 0.037731093745248696, 0.08392197486169442, 0.08452250331432717, 0.02755806302875809, 0.017586964798489677, 0.05278459000401521, 0.0638093018986802]",-0.23504715560875852,0.43529596820337163,0.7054005202792943
