mean_samp,err_samp,mean_fit,err_fit,chi2dof
"[-0.21638610159875557, -0.2184074911950039, -0.2412813691751788, -0.25534092320076396, -0.3020550577206009, -0.025079268296461975, -0.2272536598337735, -0.24645032757959237, -0.22719870654906577]","[0.00682438296499994, 0.01791397848591424, 0.024262509354252556, 0.014800464808688905, 0.027584262582347818, 0.15609894507208033, 0.031672547310920666, 0.019235968921800226, 0.01566320080984385]",-0.2313627119673034,0.00563833315211419,1.4531220151335662
