mean_samp,err_samp,mean_fit,err_fit,chi2dof
"[-0.011010857332068942, -0.011118822193405443, -0.011190732623162199, -0.01128482409011288, -0.01121232342280716, -0.01134382937939347, -0.01152265901093618, -0.011339998071532301, -0.011344936093037232, -0.0112581043816363, -0.011198058059494385, -0.01116702263132847, -0.011088003718005515]","[0.0005816253432283608, 0.0006257023701256324, 0.0006265050261995623, 0.0006643748092248325, 0.0006336460645696066, 0.0006420030140372238, 0.0007262601467048016, 0.0006328195648443593, 0.0006591564093073032, 0.0006063240512270298, 0.0005465593022875106, 0.0005599267876072644, 0.0005438175050071375]",-0.00933368103475837,0.00018722458415070805,0.23741826231157678
