mean_samp,err_samp,mean_fit,err_fit,chi2dof
"[-0.19154044713440035, -0.44654476147677113, -0.2544508209581425, -0.29008923184917174, -0.18738946522790423, -0.20173002934613288, -0.19051258153463357, -0.10867303024678499, -0.09441529543676071, -0.07399291002009938, -0.07488989805308605, -0.07388336954388523, -0.07769196797979086, -0.07821664916535531, -0.0762675644069147, -0.07540188034759668, -0.07854578008978039, -0.07501234160149042, -0.07451082702612406, -0.07357776902145492, -0.07466463641203973, -0.0747026211927353, -0.08873208214896955, -0.08265405184010005, -0.08639010457457544]","[0.11033181783049507, 0.2899541295210857, 0.11806349482191277, 0.13166346319075653, 0.06660677602886969, 0.0722979810308718, 0.06367106696867039, 0.01635704425231322, 0.008199455711421668, 0.00464270779275508, 0.009943359200848625, 0.009130158690521343, 0.0233574807730158, 0.022576646449791044, 0.01605298830083602, 0.014568370132207274, 0.01758997742882905, 0.016759380164741444, 0.01837019959562765, 0.012197324016062085, 0.010638678802747785, 0.010113121201557572, 0.018714416063317824, 0.012112491092331553, 0.031570597136613206]",-0.15999785570565034,2.3508849356646,0.012852697991285826
