mean_samp,err_samp,mean_fit,err_fit,chi2dof
"[-0.059676363979373814, -0.057942424659497185, -0.05629481322171572, -0.058884042995915396, -0.05732433204627889, -0.05569520691094255, -0.05606299562425364, -0.05895492773920476, -0.07990191636425317, -0.06892399635364665, -0.07075717232297386, -0.0817180336530119, -0.07580450078169243, -0.06539635057167315, -0.05337210593914579, -0.05825740167017205, -0.05501221505338089]","[0.004209590789832317, 0.0033469682766433103, 0.003355369429523528, 0.00662776384470412, 0.0034889399165066812, 0.004664074991814732, 0.0038483478652485774, 0.0031876969311804833, 0.009595357591095921, 0.0046852282446916225, 0.010136820099656616, 0.022954853321818906, 0.010808765495705027, 0.004922993146802733, 0.0025993273060020386, 0.008236699987874132, 0.004015451537610953]",-0.055138582487700705,0.0011096880629216062,1.567208788573995
