mean_samp,err_samp,mean_fit,err_fit,chi2dof
"[-0.009642780134439883, -0.009490001470202541, -0.010042373736265514, -0.010341227328994363, -0.01022412836643915, -0.01015057976921673, -0.009977755555399417]","[0.0005720719846863697, 0.0005523903587994281, 0.0006689038798761169, 0.0008154940851419148, 0.0008901341179180734, 0.001021962058473612, 0.0007927187316859226]",-0.008905212349294412,0.00023735440945985283,0.29786285592536543
