mean_samp,err_samp,mean_fit,err_fit,chi2dof
"[-0.06415432698183123, -0.06241709461366338, -0.061905945539913666, -0.0707526831639093, -0.07491011492935039, -0.06109403142933554, -0.06181677574998716, -0.06338108786954126, -0.06325737069711686]","[0.005976618415138141, 0.0044841612693865785, 0.00375188158622997, 0.008797976243524467, 0.011075908567444434, 0.002787520783009557, 0.003548298722639962, 0.003936343712987478, 0.0045877854578110205]",-0.048911832301533564,0.0008997051775552744,0.6526461685868253
