mean_samp,err_samp,mean_fit,err_fit,chi2dof
"[-0.3411026765290784, -0.3392776723686693, -0.3413609939670516, -0.3385943731118125, -0.33726901675382487, -0.34295661877364136, -0.3402020852129174, -0.34309153326219416, -0.34998195353791195, -0.35240418097373266, -0.36045265889710976, -0.35999928060175873, -0.3628792687748738, -0.3543835287928268, -0.35835474622585073, -0.3631229068915934, -0.36246360157416674]","[0.0237066009913533, 0.023312829078399346, 0.021735499087540675, 0.01999684386903069, 0.019079319873952998, 0.018217121168271837, 0.021001796146862563, 0.020636578024326196, 0.019554385279179836, 0.01787232260831749, 0.016671085590244383, 0.01701666846455843, 0.0172824039402764, 0.015798221168936824, 0.015996029506763616, 0.01730254594908417, 0.01655680864460277]",-0.4926767700587589,2.0369641814814337,0.01577651547366745
