mean_samp,err_samp,mean_fit,err_fit,chi2dof
"[-0.18095461480762298, -0.1582973737463745, -0.16090120775321914, -0.15924879831251626, -0.18888307923424466, -0.19790800541916537, -0.24437894529205026]","[0.015071379743747315, 0.018740632637055197, 0.02811303278739975, 0.02504384778498201, 0.048858830276334274, 0.05658445289114297, 0.09246261369970958]",-0.19626429614804372,0.00601605182399449,1.1275643692258657
