mean_samp,err_samp,mean_fit,err_fit,chi2dof
"[-0.12392379287747013, -0.1369923622603232, -0.10325745740809522, -0.10160656152679547, -0.0862700200394328, -0.08344805527839161, -0.10031339930728525, -0.07919283177248947, -0.07280655157926101, -0.0681213659291163, -0.06695787454108294, -0.07371753482057487, -0.07308910613346788]","[0.041753679313847436, 0.04800818208555761, 0.03133596707668367, 0.030172411192344553, 0.023279802636614895, 0.02171014916667871, 0.029542574169318183, 0.018646051154691975, 0.015948473676022708, 0.013981942990818312, 0.013122611319680703, 0.01633268787481305, 0.016354328182331353]",-0.06103636711471684,0.5242402365925697,0.0017648922616520482
