mean_samp,err_samp,mean_fit,err_fit,chi2dof
"[-5.37795978787129, -5.6618622405190635, -5.348394931690476]","[0.8238847457299756, 0.3233197732579095, 0.32072005225028005]",nan,nan,nan
