mean_samp,err_samp,mean_fit,err_fit,chi2dof
"[-0.04714432981571866, -0.046923736468022996, -0.04664955730067755, -0.0462506408082899, -0.04835289614544395, -0.04770860292693021, -0.04961785549051593, -0.04789375182407333, -0.04945004551996444]","[0.0036204930287400583, 0.0034135229149248876, 0.0029828840747309197, 0.002935566015881715, 0.0034506406425485955, 0.003065678409632552, 0.003412891397453829, 0.0029892374886070472, 0.0033604416063360842]",-0.041171134719185216,0.0006292400772601154,0.69666463210317
