mean_samp,err_samp,mean_fit,err_fit,chi2dof
"[-0.061335560754831896, -0.060783160660611894, -0.061693898555174244, -0.06088796826688856, -0.06075828457896535]","[0.0010733641721532596, 0.0009619735144527111, 0.0012697204751560903, 0.001202737214830926, 0.001132730483907852]",-0.06069231083361252,0.0006515996939299019,0.7982962114356428
