mean_samp,err_samp,mean_fit,err_fit,chi2dof
"[-0.2736799661823299, -0.517367569716297, -0.42982286034388567, -0.6185415818782205, -0.5823083659917219, -1.083833977092428, -0.26634345369832824, -0.2867741204670016, -0.40728522252757865, -0.46603786905086453, -0.22003433682839033, -0.12784799034466493, -0.13982304089363762, -0.21813215684763138, -0.24462101490624347, -0.22184311839160575, -0.36930275753766223, -0.13437010597965274, -0.2806977954560463, -0.16754728902430022, -0.202353247621606, -0.2417605491652385, -0.32804151788066604, -0.17194869112434052, -0.1680085389484668]","[0.08776090743796991, 0.3369624935537183, 0.10799452001321995, 0.23358100820117605, 0.21609857509542488, 0.4476149031752959, 0.02533081877603742, 0.06555998932527889, 0.061136889688250186, 0.12442599992331682, 0.10286614266609391, 0.07468236412887778, 0.09720859256394744, 0.06656593528585597, 0.15057683032806352, 0.042731437129058795, 0.05481201189864721, 0.1669992793691212, 0.09559490760955862, 0.13457760556571463, 0.07477054753177596, 0.06259281363279322, 0.07794934298429274, 0.10436192734853393, 0.055506274317813444]",-0.29083810132582993,1.693117180902559,0.02107827989777766
