mean_samp,err_samp,mean_fit,err_fit,chi2dof
"[-0.08015180558897154, -0.08218104611408637, -0.08613029579757496, -0.08543365084014298, -0.08170338017618849, -0.07705885906295509, -0.07409901116175897, -0.07543053533001258, -0.07457595883079193]","[0.010517074694874345, 0.012663689614177534, 0.014588680438147282, 0.012856309801622905, 0.011390431951891133, 0.009515467070312814, 0.007841167237659916, 0.006972688841909451, 0.005869225017138827]",-0.04568543956765794,0.0007960261120858221,0.4736297817609359
