mean_samp,err_samp,mean_fit,err_fit,chi2dof
"[-0.0690772130865485, -0.06552298301489207, -0.06414270358464878, -0.06296448622945404, -0.06358551549370849, -0.06159215414999102, -0.0632921767427384, -0.05915201133567175, -0.059690853433597056, -0.057110328540908695, -0.05587403626372401, -0.05738161285762248, -0.06370863152168026, -0.054872567475172815, -0.056044326752396144, -0.053701954653356324, -0.056189004417798824, -0.05584885418002903, -0.05554806730907931, -0.057874014509149134, -0.05604039081036966, -0.05726595296574712, -0.05611479076196137, -0.058734830499180046, -0.05747957814569005, -0.05716831367697114, -0.06233015875798015, -0.06122329224598086, -0.06243956200102664, -0.06367583333452438, -0.06333722312047586, -0.06200720121503234, -0.061637748866221996]","[0.006242510818987567, 0.005271415991146367, 0.006331706474713517, 0.008918825302236307, 0.008172732122903544, 0.00572258057127271, 0.005289305449732079, 0.007400151074439892, 0.008687337465572813, 0.007792715206935412, 0.010391045516297787, 0.012675176196749122, 0.09429049053595466, 0.014257455434219574, 0.018000127372816917, 0.014872094554042894, 0.01430658573497946, 0.013573303646496662, 0.013888686545980477, 0.015913300642832237, 0.012745106818170267, 0.013164918518812026, 0.019434838086273585, 0.03413097731697695, 0.010178970407275422, 0.008979606180459747, 0.014040423263271892, 0.008317481211651304, 0.004790764307750426, 0.00435289520669307, 0.003403578479662645, 0.0058708714962328315, 0.005974235251312397]",-0.08787633100559476,3.309160361643499,0.028817222365433586
