mean_samp,err_samp,mean_fit,err_fit,chi2dof
"[-0.23209251410724874, -0.23960421350408842, -0.2144182491112162, -0.2078198500724863, -0.20765651491883813, -0.18703125672986906, -0.1896221603200771, -0.2013075534817422, -0.23164878021783317, -0.2714698014533254, -0.24720007088956578, -0.3824186055096604, -0.308566257750509, -0.30069872792900953, -0.29893196219986334, -0.20122229749388607, -0.20607990125862635]","[0.03903045896957956, 0.03399319054332667, 0.02762189476308909, 0.028817175491203044, 0.023112936312594094, 0.011901610553439449, 0.010756124668974737, 0.005065016628082935, 0.018344250405435195, 0.03512295802972212, 0.04852957144619741, 0.11190475286230801, 0.07432381607389986, 0.0745077289721974, 0.06583577500872695, 0.011796007656733176, 0.008515270452787176]",-0.22191362302486278,0.0007961803769588761,1.3873330449249492
