mean_samp,err_samp,mean_fit,err_fit,chi2dof
"[-1.3240895815842457, -1.3950243830971079, -1.4093263485177534, -1.2773542344817195, -1.1795899220462849, -1.3154190628150566, -1.1792310357758438, -1.3984984106591385, -1.2247000408387718, -1.1778446020564082, -1.2181496380138985, -1.1966183450491688, -1.260880990497667, -1.2898217883251522, -1.359228327544916, -1.1637886349593816, -1.2325603464772057, -1.2066943132766306, -1.4514110481815254, -1.273765771569503, -1.263152686948602, -1.2975135916484177, -1.4525116022530862, -1.1871592034496226, -1.2125485365011275, -1.2420360936901111, -1.187090929827975, -1.2442460162188755, -1.3401383485936083, -1.2913148917433388, -1.3497610209809217, -1.2587528856464345, -1.2123639817112537]","[0.06909080017983411, 0.04853096265098608, 0.1967071488342639, 0.06884045990498336, 0.028846174239836642, 0.07129136760522896, 0.07291891667675283, 0.05163135818429837, 0.05975178758472101, 0.07395042949478814, 0.07454956311602876, 0.07335714376316188, 0.08401648344479153, 0.08087437128882556, 0.07918876717182884, 0.061337648019456306, 0.06793150718482306, 0.07402035848811496, 0.04783559475835598, 0.07773029591913692, 0.08227532145458953, 0.08094052838260454, 0.10143813991047602, 0.05830635371608012, 0.10931437411662698, 0.07255690846179874, 0.05392926019743249, 0.03084718924118638, 0.07303363471883205, 0.05930795803616244, 0.060999267837210505, 0.027559428855274657, 0.05214263562662105]",-1.3621847108557454,3.8599112285655783,0.039207678321853144
