mean_samp,err_samp,mean_fit,err_fit,chi2dof
"[-0.09462106968931894, -0.09317588073603908, -0.09634692211304473, -0.10377895258239309, -0.09482601430635389, -0.08700226036687878, -0.08521560451896366, -0.09309710708848627, -0.09801276938244982]","[0.01700119661830935, 0.016225847441309327, 0.018584912256915505, 0.02327980361277467, 0.018482384924098132, 0.014566970387102408, 0.012953864211845098, 0.01714125853580837, 0.01927460249913104]",-0.03859602523814536,0.0006918891837509408,0.29917222889100253
