mean_samp,err_samp,mean_fit,err_fit,chi2dof
"[-0.39215247389966984, -0.40595058411799523, -0.3875318178027133, -0.3906875905509707, -0.38402962507500554, -0.4209616305994335, -0.42850595238478295, -0.42486756945116727, -0.42134525367311965, -0.4542744803584396, -0.4450259347713632, -0.4469062678286392, -0.4676523785555737, -0.4975335581252526, -0.4706488829784421, -0.5726709217668007, -0.6691819579577383]","[0.07681733770638204, 0.07726110105545597, 0.10354804181870725, 0.08582536994522712, 0.05483561897557848, 0.037956513200722, 0.024226358791972786, 0.029142322861850433, 0.02456219591023351, 0.01623429509778551, 0.019633120098608632, 0.03337031775745038, 0.0567594452911287, 0.07288512321286421, 0.05161923736303899, 0.08084112545234547, 0.1222276595261403]",-0.552167707702938,1.8537515278962389,0.008744007621942657
