mean_samp,err_samp,mean_fit,err_fit,chi2dof
"[-0.3322666373095518, -0.32624794348934716, -0.3197601479829922, -0.3103964223814225, -0.31729991182848605, -0.32136808898242936, -0.31815217039795035, -0.319625407994881, -0.31249301943742347, -0.3090035448129809, -0.30317481653832945, -0.30400153172836414, -0.30737432840176826, -0.31260824899837397, -0.3154263658449894, -0.3118077864182701, -0.31459512574311993]","[0.020048099607307617, 0.0173230368381142, 0.01387742477819214, 0.01006232815875676, 0.012328872993662128, 0.014988808021372715, 0.011979445054964783, 0.013812628629171967, 0.010612410750395736, 0.008422085790441418, 0.007446180554951736, 0.009056128203689855, 0.00950871858547094, 0.012202496115356393, 0.014127691218981813, 0.011066880984780755, 0.012171369118401066]",-0.2797726717611918,0.0012832886983818004,0.92671260453881
