mean_samp,err_samp,mean_fit,err_fit,chi2dof
"[-0.009113110282433503, -0.008913769380503495, -0.0089468184959429, -0.00880759903763879, -0.008787917436290149, -0.008686972368866185, -0.008816741875939076]","[0.0008110095287697312, 0.000665583827376511, 0.0007250944739313167, 0.0005867937761723918, 0.0005431572580227553, 0.0004347679127123207, 0.0005294325765437415]",-0.007775447483226872,0.00020020064478371594,0.12285910783405042
