mean_samp,err_samp,mean_fit,err_fit,chi2dof
"[-0.6705394643551333, -0.7764951198244907, -0.8525397667539355, -1.0174242785835261, -1.468541800457925, -1.0968954120070002, -1.8212258504934604, -1.2794914794773664, -1.161984754481215]","[0.10592085635458529, 0.06028977403209284, 0.1516262557894338, 0.28873782529623754, 0.49241222107094745, 0.2426095189419934, 0.5527170988646136, 0.31346471887752864, 0.23838227118022154]",-0.7584503272165455,0.008953881325562402,1.2831280957114006
