mean_samp,err_samp,mean_fit,err_fit,chi2dof
"[-0.06029639603641098, -0.07249940791851156, -0.07292789979802881, -0.07307583884270724, -0.07047110621354216, -0.06745941384380277, -0.058501697202145785, -0.05760093185225813, -0.058137061358183285, -0.059819570192122806, -0.059821616087049896, -0.05922532025800281, -0.058671435364323836]","[0.006846133269093399, 0.015449599366271839, 0.016096948637957333, 0.016124143603208498, 0.014252695071129489, 0.012337505844803745, 0.0063634295623467944, 0.006412034688020458, 0.006217324622803328, 0.00676819571208742, 0.006339367930695172, 0.00562473544488225, 0.005548424741887045]",-0.04255059762679679,0.00048143882193880033,0.6483280535698352
