mean_samp,err_samp,mean_fit,err_fit,chi2dof
"[-0.13491018147708222, -0.1339346108348201, -0.13990799440019364, -0.13785645761726126, -0.13937652203588105, -0.13799018751751077, -0.1395252789379393, -0.14188732410740804, -0.14210902820700907]","[0.007949902760035656, 0.00816417278041936, 0.009039878425943268, 0.00785122056469581, 0.007986558530674332, 0.00784970806571242, 0.01159749867313996, 0.011330166947795709, 0.011529459021812585]",-0.1395867671661622,0.0012254139928012137,1.0495578776093364
