mean_samp,err_samp,mean_fit,err_fit,chi2dof
"[-1.4336562906332724, -1.5116433879040032, -1.8073461765358185, -1.5338646733736514, -1.8935533387307066, -1.4302427320117395, -1.0918020833339974, -0.8098283520752256, -0.9102569404524017, -0.9110999514928008, -0.7593100577150492, -0.9374512737621548, -1.0942923573983603, -0.9988943240083799, -0.9137144966137625, -0.8608528149012968, -0.9659701769742475, -0.9596076194756904, -0.8049878373274222, -0.7521893889794792, -0.6873942478366768, -0.71394161495614, -0.6918400856315626, -0.6512108378122083, -0.7426910880047582, -0.6512224395340594, -0.6849993953021345, -0.664958621572596, -0.6528973996361626, -0.6300626347120305, -0.6619131170930341, -0.700997902408746, -0.6993506843093977]","[0.4494928227000181, 0.4751402492709356, 0.5590264908707019, 0.37277962163605477, 0.5104304083977789, 0.28155526994403257, 0.3491792828182672, 0.11086548764213977, 0.06573518475098042, 0.13370535167913075, 0.23192594054962867, 0.2517058859172576, 0.40475919695618556, 0.24994211283275172, 0.29241871162188104, 0.21172951230312428, 0.2692677404310559, 0.197832749857474, 0.07703398215644011, 0.1379550085367461, 0.0870273821328105, 0.0917047192605509, 0.10570740667605566, 0.2368542229681932, 0.3068189595762325, 0.20763308290120627, 0.25068658927991166, 0.26464020924255327, 0.20387152851207832, 0.15602672162835532, 0.14759821527343334, 0.18184052162647832, 0.16798237066133997]",-0.8468371000342442,5.41568203758511,0.07718320716163293
