mean_samp,err_samp,mean_fit,err_fit,chi2dof
"[-0.9956675556297059, -1.0882636315594085, -1.1597683352039194, -1.1282274805040222, -0.931161767024529, -1.048281407752421, -1.0215630064907548, -1.2597043237056134, -1.0507792003910503, -0.9339494701923486, -0.9365896015910397, -0.8425159271766657, -0.801017307357695, -0.8900639782784768, -1.1908414316999378, -1.2489735560324946, -1.4605912019646057, -1.3813561090834034, -1.5432872992613915, -2.085346838057007, -1.1886136851196982, -2.5193518012294684, -3.3416141823877834, -1.4001831132584022, -1.4049954592815694, -1.2595086404733986, -0.9683010304438562, -0.9385437825754718, -2.3066183858445193, -1.6927750376339221, -1.325541136075173, -2.9926730095772482, -2.0766033198744087]","[0.7674894080644182, 1.0034795640138652, 1.0877564443601337, 0.48334105498897456, 0.22086917992176872, 4.656158675769625, 0.25899351899652656, 0.12446511430131393, 0.1820552227484696, 0.18533687162050066, 0.3248377235820636, 8.430785624968955, 1.0739122061911, 0.7493148523139131, 1.8840676293955487, 0.35271930772510374, 0.13314466342581172, 0.32128350945007444, 0.3060513692639338, 0.532161513583234, 0.12799236112891363, 0.7016389959912447, 0.9745571657528757, 0.15305482208638427, 0.1131170021458442, 0.12060722812944501, 0.5709648098489414, 27.075955323071764, 0.5456420915453091, 0.1438257367308841, 0.35174754322637025, 0.7169330842288132, 0.2812142093619999]",-1.6234648958634394,15.936044205725745,0.8580786672358868
