mean_samp,err_samp,mean_fit,err_fit,chi2dof
"[-0.09174211474984781, -0.09005288098668555, -0.08979952720301225, -0.08839300745679418, -0.08680774839076605, -0.08650750058474851, -0.08535014741748083, -0.0844903471783323, -0.08572025720963415]","[0.005836910444947987, 0.004957998666571996, 0.004744118819682714, 0.0038835248580267926, 0.0038014063827582173, 0.0035432682819667646, 0.0031972453335200124, 0.0029901731715413437, 0.003370303256580239]",-0.0639553750943803,0.000971082918760513,0.49074885584915956
