mean_samp,err_samp,mean_fit,err_fit,chi2dof
"[-0.048425750185784516, -0.04364477323022227, -0.0512923470523279, -0.047401552522011926, -0.05289733478542186, -0.09778722398540658, -0.08721147463263851, -0.07457592088093153, -0.07722683610422705, -0.05050064737579059, -0.06387926908590208, -0.0537105500117558, -0.051464386941599674]","[0.01264096532674546, 0.007184414226679811, 0.004939017061010694, 0.005281287709235167, 0.007460693664237905, 0.031472492714310255, 0.020840049498633044, 0.015303728680177018, 0.02023194592235678, 0.006463939834525685, 0.015341983249393149, 0.012384509053743562, 0.010510020484289312]",-0.055444625199178,0.00040743668441180474,1.0170916193937118
