mean_samp,err_samp,mean_fit,err_fit,chi2dof
"[-0.346462230376041, -0.2975391279928465, -0.16454991547328268, -0.1451513207447507, -0.19515584124924185, -0.21962143250783353, -0.16785212550150963]","[0.11219944072022328, 0.08187428117750167, 0.018217742993253183, 0.012482577776541617, 0.029471935625276172, 0.052236661536986154, 0.027540254294543046]",-0.11299416457113286,0.015328816402529824,1.4092704540298724
