mean_samp,err_samp,mean_fit,err_fit,chi2dof
"[-0.04747755394404618, -0.051530043631881406, -0.05177973950583744, -0.0558847970891339, -0.0601856921308052, -0.06441380380977242, -0.06240726460113007, -0.06523598616002173, -0.0537211346799806]","[0.005832520466165907, 0.00817316117558167, 0.008631216678866814, 0.011454158579172848, 0.013790626100800214, 0.015222777285960139, 0.01429968444326261, 0.016143816360193772, 0.007455978952458683]",-0.028721776461924704,0.0007171946653341428,0.6306363712399229
