mean_samp,err_samp,mean_fit,err_fit,chi2dof
"[-0.038178860441099756, -0.035227112194971974, -0.03725909205610074, -0.03696887030007646, -0.03674532660540405, -0.04293902450504476, -0.06562867541312978, -0.04840071891165211, -0.06771722126499742, -0.04983090374583986, -0.053799546824404056, -0.047238233435481544, -0.04331381211299918]","[0.002805783839146665, 0.0027640327316833706, 0.0032835709317399512, 0.002849028258992333, 0.0030171852618525417, 0.007382463328094212, 0.023155030261953553, 0.009373549665185334, 0.02187175243042927, 0.008973813237480957, 0.0130154083689438, 0.009032064090737, 0.006083668824284896]",-0.04599467815715271,0.0006044895303888243,0.6981309292800058
