mean_samp,err_samp,mean_fit,err_fit,chi2dof
"[-0.25496860478995853, -0.19598572252226074, -0.20083530168168268, -0.20818388474777924, -0.17473309556416336, -0.17221038300685856, -0.16288960566529467, -0.13898028105369356, -0.17749869527009515]","[0.03654356569625429, 0.009525302290684688, 0.022009171627848868, 0.05574849581332116, 0.02916321187177014, 0.028318985805564457, 0.02458246337913344, 0.04116561668109819, 0.04166401989012071]",-0.18776356588295307,0.07229135265326782,1.0615710987396507
