mean_samp,err_samp,mean_fit,err_fit,chi2dof
"[-0.44111492764995386, -0.44264315398106235, -0.44304658257311996, -0.445771130592765, -0.4522642704079797, -0.46080140080062265, -0.45763048986139876, -0.4625239517694018, -0.4551191987645207]","[0.02567195914260529, 0.02532747141915762, 0.02532976364536829, 0.0263820463267805, 0.025419680919533685, 0.027722153952064343, 0.02726670827214879, 0.02567846240792669, 0.02289232266249712]",-0.4952165026754455,0.012413602518211492,0.8234230444007601
