mean_samp,err_samp,mean_fit,err_fit,chi2dof
"[-0.030964577723249738, -0.029044345651225975, -0.028166057284738262, -0.027596604503677617, -0.026706293529708117]","[0.0019119816529980871, 0.0016463732976485176, 0.003915503298249042, 0.0030865613266810457, 0.003487040258552068]",-0.03216146125700028,0.0009999574504406825,0.8908317079362954
