mean_samp,err_samp,mean_fit,err_fit,chi2dof
"[-0.0387272021719184, -0.04164041936766902, -0.043943941509678675, -0.04461808382861984, -0.04044937497837656, -0.040275353411135736, -0.03883170327426166]","[0.005813133014701735, 0.007852340106228482, 0.008432102742433568, 0.007653596967113555, 0.005650691057903701, 0.006235523219592539, 0.005290481118413605]",-0.040789229315979676,0.0005615752069745608,0.8517986992983818
