mean_samp,err_samp,mean_fit,err_fit,chi2dof
"[-0.17940154972707725, -0.19861909845811945, -0.2291839875120337, -0.3044869003239689, -0.1968462932595568, -0.17901291032571903, -0.21638840229288514, -0.15316421863543508, -0.14551830852257544]","[0.03408363741712186, 0.03950848078550826, 0.04641523193200777, 0.07062141988514892, 0.03840598981993128, 0.02058454308359932, 0.040032522724027644, 0.024862795226088082, 0.01635704965311609]",-0.11518124434391325,0.003980246649288349,1.298182484886235
