mean_samp,err_samp,mean_fit,err_fit,chi2dof
"[-0.03984993841453326, -0.04024152700944867, -0.03923309194394325, -0.03955109163266642, -0.03965690484227913, -0.04030740608130405, -0.04023666396617912, -0.041727544877573, -0.04045462327979486, -0.040408668812352264, -0.041478231211348804, -0.039668260432458684, -0.040205376173533765]","[0.00436329292168698, 0.004754954098245861, 0.004230260762510746, 0.0043699948968927305, 0.004037044224883258, 0.004207324401954517, 0.0040061282166381045, 0.004869701195796919, 0.004352027199444757, 0.004758824430905553, 0.005056144261806832, 0.004331196401757437, 0.004973535396717098]",-0.02697639979124844,0.0007143497848836729,0.26178565904406675
