mean_samp,err_samp,mean_fit,err_fit,chi2dof
"[-0.03691186169520143, -0.0347453660657198, -0.032688609191560886, -0.03155477640514281, -0.02863276884737139, -0.029619038621199478, -0.028398569734483667, -0.02785275984979365, -0.026051960139160717, -0.027704092634806242, -0.028202890446532868, -0.027903561080742, -0.02931751086437664, -0.02753689644548585, -0.03164438889366049, -0.03187623855333525, -0.03060357173557264, -0.033033918515736095, -0.03800210794814937, -0.03517592770184758, -0.03588502278432441, -0.034392435427382496, -0.03577590434109877, -0.03854778229614017, -0.03500858224163361]","[0.003955769279194671, 0.003162675915228905, 0.002511176433643883, 0.002950987278596454, 0.0025912716390893236, 0.0026857927351410125, 0.002481926807512715, 0.0018822184057965493, 0.001849645162401768, 0.0017544389978806027, 0.0019158729086509831, 0.0017004454433133245, 0.0019240146826468504, 0.0015174549280136224, 0.0025423504156897154, 0.002722618920397086, 0.0024762231475942602, 0.0032083132211377773, 0.005532918820843889, 0.00433846949980232, 0.004601200277649256, 0.003823674478138423, 0.004229636011702256, 0.0057196227423140615, 0.0037875814338758193]",-0.050718647914492924,1.313997985776878,0.0040153273369958765
