mean_samp,err_samp,mean_fit,err_fit,chi2dof
"[-0.07392733737921998, -0.06736954906753612, -0.061729128628370246, -0.06601177355719322, -0.06398844263506448, -0.05829358405778571, -0.058386169642992564, -0.061915010836016394, -0.06028357265235583, -0.055594371497737896, -0.06125965147547325, -0.060485985249538715, -0.057386014950247546, -0.06333136469708749, -0.057566331334521374, -0.06185996436707549, -0.056698597603740554, -0.058689804651170935, -0.05756996423672824, -0.051277940354029494, -0.057298099650179825, -0.057414093245066064, -0.05525352031280412, -0.05439391090513626, -0.059719537125593775]","[0.03276081363489999, 0.029638984751036396, 0.034686581445092866, 0.033073330475710254, 0.03049667950049769, 0.03739402682667169, 0.037206955165639384, 0.04342395253449919, 0.02753292332745868, 0.03393201261742201, 0.04268431881864246, 0.07085377025656504, 0.049569603335499424, 0.033300061987525255, 0.029438795979358955, 0.025759527934360163, 0.035536580346236295, 0.024538181173358924, 0.02230948316483496, 0.025222996539866607, 0.029460413094464732, 0.03134802766817862, 0.06466721317632917, 0.047527527621631836, 0.04826086252151054]",-0.19221550854957445,14.216974747113627,0.47005203902942505
