mean_samp,err_samp,mean_fit,err_fit,chi2dof
"[-0.009490782219861866, -0.009346211954968613, -0.009384771114401114, -0.009310138142697634, -0.00932395738090355, -0.009280192838059864, -0.009353062754121587]","[0.0007002705186922962, 0.0006279171406895336, 0.0006776042275433547, 0.0005981159853271486, 0.000559279195936803, 0.0004893504987808831, 0.0005512790955752029]",-0.007928276629312631,0.0001788153916347037,0.26294407797545927
