mean_samp,err_samp,mean_fit,err_fit,chi2dof
"[-0.05700687857464474, -0.06198182787387138, -0.05488986222625331, -0.05322745493417852, -0.0550259482719381, -0.054528871290225246, -0.0574539771190212, -0.060378077699372576, -0.0575777273324342, -0.0573081691066508, -0.06037825951459586, -0.05600002961922764, -0.0558522815076104, -0.05619492218993557, -0.05829481429833965, -0.059488814675274865, -0.0547954875781843]","[0.004393243755246273, 0.008676576011014892, 0.00451871575105333, 0.003694322580110646, 0.0043241376431127874, 0.004370335441796066, 0.0073985167952630585, 0.008094274136127486, 0.00573688210770369, 0.005913415174717072, 0.007763882785045775, 0.005327893431719308, 0.005675220685794798, 0.006062275827287978, 0.007109372365327503, 0.007212285495267309, 0.0050151005354484605]",-0.05046285817081842,0.0006550020758281392,1.0608084852630153
