mean_samp,err_samp,mean_fit,err_fit,chi2dof
"[-0.06611394689889118, -0.07250854185141542, -0.06834501070334005, -0.059585750822190094, -0.06050128622966235]","[0.012177395150533845, 0.014581459287957895, 0.016237165769700714, 0.014260704242338856, 0.009985494234170448]",-0.06965562568187157,0.0017207683627656514,0.774078398948056
