mean_samp,err_samp,mean_fit,err_fit,chi2dof
"[-0.25735772871727014, -0.32982213278452194, -0.19288213110003175, -0.1799724647140808, -0.17152141867631515, -0.15712572301778793, -0.13283622735369385]","[0.05395028380536973, 0.09190391473471933, 0.017397610290802817, 0.023855951710904492, 0.035252982215680795, 0.040212122002034154, 0.029752608616847784]",-0.15202864629139437,0.0032385021649803244,0.9914852073199351
