mean_samp,err_samp,mean_fit,err_fit,chi2dof
"[-0.07170198854219245, -0.08822745774703844, -0.09135054573919166, -0.08528824927565756]","[0.005685497375311338, 0.011191548979661218, 0.008897233540088837, 0.01174638908989822]",-0.0691121416965293,0.0009835684153062718,1.11175234858412
