mean_samp,err_samp,mean_fit,err_fit,chi2dof
"[-0.016517715958288444, -0.01703692099967292, -0.016649811216290156, -0.017241369411556424, -0.017806032155768176, -0.01852121911473483, -0.01906265187724022]","[0.0009135018950385121, 0.000998817871690931, 0.0007487088767091804, 0.0008209860975088856, 0.0010986451443706212, 0.0015395632978916982, 0.0017993182189044732]",-0.01351118066711097,0.0002693673998992857,1.0920489216756755
