mean_samp,err_samp,mean_fit,err_fit,chi2dof
"[-0.12538606364228436, -0.15572829654339282, -0.14462299467048664, -0.13336305506133941, -0.16645004316802434]","[0.02076626671759141, 0.027615693829227378, 0.01865872618776174, 0.011671807514319732, 0.02046924289650029]",-0.13471256394192052,0.1369889598069348,0.002282738586335065
