mean_samp,err_samp,mean_fit,err_fit,chi2dof
"[-0.02992908633991023, -0.030086197467103934, -0.030013964149966696, -0.03005372927191989, -0.03043120959349427, -0.03070772269005571, -0.030656276620854146, -0.030780159703444908, -0.0306596399066226, -0.030777715979572573, -0.03064474580752674, -0.030924075697138186, -0.031104656346726836, -0.03154058596036562, -0.03155615466779865, -0.03244021807551568, -0.032726279676354074]","[0.0014686017754900916, 0.0014527094972785976, 0.0014884083701412437, 0.001455160350114186, 0.0015057870074157067, 0.0015307273146105442, 0.001423021420395023, 0.0014752602443652105, 0.0014353061105233983, 0.0014410211794687376, 0.0014370123791387092, 0.0014558724701825055, 0.0014986160734012481, 0.0015929905841498809, 0.0015760412724315643, 0.00186940053762191, 0.0020066639354047833]",-0.023150385197393306,0.0004995110928300584,0.5063090998911176
