mean_samp,err_samp,mean_fit,err_fit,chi2dof
"[-1.3764886109967054, -1.36400361155973, -1.7949126799149833]","[0.37141889350071516, 0.3235107385018942, 0.23184028318654815]",nan,nan,nan
