mean_samp,err_samp,mean_fit,err_fit,chi2dof
"[-0.15153879265333225, -0.15741874982789136, -0.15573515187188733, -0.1611892856826096]","[0.022550966474122983, 0.030363339793015073, 0.023898300609317146, 0.027877380341118207]",-0.15089566458488424,0.0032363202449606954,0.7384604186895573
