mean_samp,err_samp,mean_fit,err_fit,chi2dof
"[-0.09260900397436692, -0.09552063382176079, -0.10125751998450845, -0.11853955187121352, -0.12566086145965444]","[0.002177529429804888, 0.0033507246837475263, 0.003989558834241734, 0.009921924070370257, 0.015359138205752814]",-0.09729107834447583,0.0006864675791476455,1.269906556406196
