mean_samp,err_samp,mean_fit,err_fit,chi2dof
"[-0.31235242061018564, -0.3300634812696686, -0.3516087346039349]","[0.0498507037576001, 0.048189627628361, 0.040598412739080436]",-0.3946494787547556,0.008684478756225463,0.880562032386337
