mean_samp,err_samp,mean_fit,err_fit,chi2dof
"[-0.15124930923641736, -0.15478163744736595, -0.15040330858649717, -0.14159610349870155, -0.15633954223024182, -0.1681886479461092, -0.178355878410503, -0.22978833194379097, -0.18157324865701846, -0.18554048251207, -0.2193573552350131, -0.1876345005401307, -0.2752297368446782, -0.2540909223087383, -0.638964866463168, -1.0791531211970415, -1.122193441329622]","[0.02375431392033568, 0.029617470811721062, 0.022610952720643243, 0.020779175435627205, 0.03183001215863157, 0.041272407893207026, 0.04668942978357208, 0.07343540809736351, 0.03882453923034871, 0.0368415788465106, 0.0574559186751143, 0.03698484297388763, 0.08538555476855386, 0.07576584755463828, 0.2823703967456698, 0.5031877726221825, 0.5077718320310611]",-0.16156811546102995,0.0014310673836060272,0.8178048531838663
