mean_samp,err_samp,mean_fit,err_fit,chi2dof
"[-0.04939020715418703, -0.04516502363778605, -0.04549055309547252, -0.04676868223521018, -0.04619938822770984, -0.0477086424154278, -0.04949920313528945, -0.04969019994120415, -0.04815039767049233, -0.045059377169868395, -0.04489820098449318, -0.04476515118501876, -0.04566798707588408]","[0.0038864230288285576, 0.0028424832689307542, 0.003183099150078028, 0.003898924284635121, 0.0034741725289661584, 0.0043260833418886395, 0.004596198962212853, 0.006432134936864126, 0.005232450807243538, 0.0032746481027451494, 0.004406336291995058, 0.004698548170489575, 0.004744983361342102]",-0.04417215924199315,0.0008429971448253261,0.5229221045810617
