mean_samp,err_samp,mean_fit,err_fit,chi2dof
"[-0.07195225556354456, -0.06809995234037938, -0.07048203095835101, -0.06560868220944986, -0.0728944568542123, -0.06979118936168344, -0.06790532156498502]","[0.012663063354647383, 0.009972414434359927, 0.010529911482013767, 0.0058275323235524095, 0.009884882798801882, 0.009375078479322039, 0.005712035793598222]",-0.047545836093279836,0.0007353206357884631,0.767862580078918
