mean_samp,err_samp,mean_fit,err_fit,chi2dof
"[-1.4866537926413752, -1.5575071058077938, -1.3713432856398797, -1.273828966958318, -1.3682836486256904, -1.4225339940464823, -1.527601306666026, -1.3798593274156528, -1.3447046474250905, -1.2268749593460249, -1.2229383299135312, -1.1766511847882848, -1.197563985115499, -1.1631618964633479, -1.1834884102488092, -1.1866998694773698, -1.2060213071519534]","[0.2978846918890678, 0.09132473291468551, 0.037807487502263114, 0.08885638873712595, 0.05270531142421463, 0.043631273602584134, 0.05469869557632218, 0.10364389514279959, 0.08077303996908493, 0.1460665145389151, 0.12707852383133886, 0.22311326662080352, 0.1609512596936687, 0.14566176647281415, 0.1653167783483444, 0.1796792191638367, 0.13390385747641248]",-1.4443938145159905,0.005956754748305182,0.8024490237014825
