mean_samp,err_samp,mean_fit,err_fit,chi2dof
"[-0.07182890490228609, -0.06797878045936578, -0.06790195696941081, -0.07770238477078781, -0.06936825864913966, -0.07352467910634125, -0.07661176071882846, -0.0718900199701064, -0.07383391826302112]","[0.004562928523913552, 0.001719180944695879, 0.002767608829062901, 0.005915875841479805, 0.0018869229283167285, 0.003334227965911578, 0.004526666842483281, 0.0040420262016633525, 0.006089026257662186]",-0.07326939685064851,0.0018827741173621806,0.38475563633650883
