mean_samp,err_samp,mean_fit,err_fit,chi2dof
"[-0.07532745606578145, -0.07760073690278299, -0.07459247329247623, -0.07360307583771848, -0.07386327891089646, -0.07366546969239987, -0.07167659714627306, -0.07141444418101356, -0.07134408331844327, -0.07145212886801587, -0.07084101125734436, -0.07018107261964304, -0.07302335816864093, -0.07187761741170934, -0.07071120304627321, -0.07194316452935448, -0.07355071279296374]","[0.0043322508766384694, 0.004563037696885811, 0.0034490705096135946, 0.002809743207611994, 0.002922684939657113, 0.0025235078383557333, 0.0025506804199724098, 0.0028150778909323704, 0.0029802810039319208, 0.0035519587921434845, 0.003766486325470924, 0.0028481980445775254, 0.003531524631250954, 0.0031925302754287036, 0.002672493334549936, 0.002902391669691042, 0.0034334171553253674]",-0.06661328345010867,0.0005743451150859604,0.7535181674514498
