mean_samp,err_samp,mean_fit,err_fit,chi2dof
"[-0.12379833644953171, -0.11957343885002361, -0.12048159542255803, -0.12678060679217334, -0.12190952327596061]","[0.0031065701512785803, 0.0034498871945554633, 0.0035355451953699405, 0.004159845740888868, 0.003773775376686304]",-0.12314425916429678,0.0012659400318177831,0.7714037554746171
