mean_samp,err_samp,mean_fit,err_fit,chi2dof
"[-1.1798523757918695, -1.2784490474805243, -1.3238451099342925, -1.7755752375781682, -1.504917012667744, -1.06847040372975, -1.147162377043502, -1.037889574260185, -1.3270220278042753, -1.2674834228563383, -1.4713813340366424, -1.1473860267436469, -1.0077753450301654, -1.0009284327810675, -1.0096649503333437, -0.8977122714855749, -0.7994194355888584, -0.7310376722851949, -0.7233910772477012, -0.713814849966491, -0.7389311271195566, -0.7547014255243124, -0.8282773070663514, -0.791493872798254, -0.7953390065151115, -0.8181240301197249, -0.8252264592566846, -0.8867168116450914, -0.9033162015632573, -0.8841864726720032, -0.9447850419918334, -0.9410420400105513, -0.8904146255374016]","[0.1056857138088891, 0.0698343218150808, 0.043164829761572876, 0.2504967519606303, 0.12955381483899153, 0.10699391498322527, 0.23903365450467542, 0.3289344943126778, 0.24694219666833972, 0.16467907595145978, 0.12087841961037041, 0.1471785838442269, 0.1793786370357777, 0.23458715164701616, 0.24066727506076363, 0.1512308039606755, 0.4393368416645955, 2.6202943487827013, 1.9393155272337395, 1.223997801239782, 0.7862433314374251, 1.1376906551309962, 0.3480959165949044, 0.25257414635390796, 0.14898398520187112, 0.21108076057734468, 0.21780622275980838, 0.33618247537178153, 0.3193492746326761, 1.3097428572152683, 10.663966662167288, 0.36941432067432034, 0.19550133570739042]",-1.4687184901659043,15.215123545395777,0.6290764767546791
