mean_samp,err_samp,mean_fit,err_fit,chi2dof
"[-0.3479103797650722, -0.3320259609486495, -0.32278319700708474, -0.3289265656618109, -0.3099553330164854, -0.3106532101734212, -0.3123790755845816, -0.31069152986970233, -0.31492522590035776, -0.33999451806105185, -0.33991263987194786, -0.3365622949524513, -0.3384701766920318, -0.34423211273077187, -0.33752934027872683, -0.3405590515968915, -0.34809592841520565]","[0.04026261702055909, 0.07960413531889576, 0.07099253744730995, 0.10993451607969498, 0.07431191459523317, 0.0873885165878948, 0.09460096701636105, 0.0822737400112141, 0.08987894881915677, 0.08510371792696496, 0.07010881464102578, 0.07180262458302943, 0.07769401055746504, 0.07760798473027962, 0.08435983828216873, 0.078222658300063, 0.07362252137746778]",-0.3822464172736967,1.482176054387039,0.005589938998960395
