mean_samp,err_samp,mean_fit,err_fit,chi2dof
"[-0.29086515860654116, -0.38196425240752485, -0.8217140387651586, -0.8254891469244083, -0.36829884631535775, -0.3389344239180183, -0.37709113083055845, -0.15785225267413397, -0.12535786261048873, -0.09997143954283276, -0.10065247182631362, -0.0947009517513581, -0.09226115502232723, -0.08924143780425274, -0.09006324985757932, -0.08603973316256337, -0.08441222968165134, -0.0915176808294884, -0.0826402810537056, -0.08221806062263923, -0.08219896166958564, -0.0840901277755871, -0.09287876202962969, -0.08943924172760259, -0.08498218845721849]","[0.05735041017244459, 0.11555652802871626, 0.4257338169982667, 0.3823237175203897, 0.11126032078612369, 0.0852431043277069, 0.09229121118344047, 0.06076802063690836, 0.03850125187066281, 0.04175633746369636, 0.04639115929162744, 0.026461634643066143, 0.0184648959852808, 0.014904137953609769, 0.01563614981903464, 0.005608724178485075, 0.005353141677749482, 0.001334121242166239, 0.0029863187894612177, 0.0027038166910015836, 0.002244776489676496, 0.006661847805619848, 0.01050609903944145, 0.008545382381992156, 0.007132687861067109]",-0.204594952843613,1.049698528598626,0.04591191580469623
