mean_samp,err_samp,mean_fit,err_fit,chi2dof
"[-0.12152467043527344, -0.1278539432103832, -0.11614934972016855, -0.10909753487534109, -0.12680327744395004, -0.13742389828916093, -0.1633333364722209, -0.2230564552133867, -0.20634818532073035, -0.23173346511260173, -0.38121127755440215, -0.3526449769439165, -0.5703589861557646, -0.28384134045728254, -0.2667235474309965, -0.23119908449229515, -0.23451952700296172]","[0.00834810317753693, 0.00739440422599349, 0.010131516221713443, 0.01000955461004965, 0.022739954866087143, 0.02635160970614267, 0.039237187262199755, 0.07431250269786607, 0.06596962002923, 0.07405247569318904, 0.1528848534107532, 0.13234128082101543, 0.24080791934705614, 0.09972353831736021, 0.09246482955581561, 0.07361970714256681, 0.07347779280473055]",-0.11146726894917959,0.001322798607842551,1.228416192530183
