mean_samp,err_samp,mean_fit,err_fit,chi2dof
"[-0.35876680180897835, -0.3007846429345888, -0.2992704056207634, -0.6780033808615613]","[0.08823005318262861, 0.08570594071054326, 0.03951205511637862, 0.22841945593164295]",-0.2743839545882415,0.6583544635467945,0.012039738896901072
