mean_samp,err_samp,mean_fit,err_fit,chi2dof
"[-0.5306356986245472, -0.5633391889131625, -0.5906400531288778, -0.5409594441840523, -0.5424405485693043, -0.5114628114691622, -0.52763842062042, -0.5781276086093283, -0.5874597475815693, -0.6621437214133753, -0.6116759028396227, -0.6480909224057814, -0.6308018091459164, -0.5811582796403004, -0.6037745539266451, -0.638374521347465, -0.6068231257573146]","[0.10747423792833823, 0.12281049040401433, 0.08156559410980957, 0.06218522735802534, 0.06614910419017299, 0.07647987331585643, 0.09539001373328244, 0.08431443452241756, 0.052521670276140534, 0.04474225407476593, 0.08944071470863592, 0.09624467726732171, 0.11909874717850376, 0.12541033211009225, 0.19256820292709959, 0.32073658454652965, 0.3002697864629128]",-0.7366691295800246,0.009652414656385375,0.9881261788836311
