mean_samp,err_samp,mean_fit,err_fit,chi2dof
"[-0.015021106783298802, -0.013671322218943655, -0.01387926462803708, -0.013981171093899345, -0.013999072421328314, -0.014430633090324324, -0.014370680443873704]","[0.0018441681152522838, 0.0011844983998095273, 0.0011833799788712844, 0.001155746279047409, 0.0010538149898358896, 0.0012106611967310525, 0.0012467927392466641]",-0.010117181750561645,0.00029549044769078964,0.4307581447179763
