mean_samp,err_samp,mean_fit,err_fit,chi2dof
"[-0.01864120725909612, -0.01591826382791569, -0.013263985260652198, -0.013133437814812444, -0.01531702223367779, -0.013742349793911457, -0.014908229826462243, -0.013879626609099319, -0.01372967911427517]","[0.0032755333188268427, 0.0016034340529334158, 0.0010042030580709475, 0.0013580039546292634, 0.002004546973487975, 0.000943036536467944, 0.0011555089446737715, 0.0008006491870534508, 0.0008582674915764455]",-0.01411876502860343,0.0005148180616920808,0.6884190012687115
