mean_samp,err_samp,mean_fit,err_fit,chi2dof
"[-0.01327862307891408, -0.013272559877290552, -0.01330120405663675, -0.013294463152483995, -0.013275430415075829, -0.013320030181105608, -0.013487346389898899, -0.013419171117130032, -0.013435681213481578, -0.013559729530794725, -0.01349859347723881, -0.013539769481346635, -0.013721175908047629]","[0.000408623254784029, 0.0004053637707043474, 0.00040575184439249943, 0.0004065575045435745, 0.0004001892378464996, 0.0004190583594426569, 0.0005583352912833591, 0.0005020472012035223, 0.000536266018565338, 0.0006187989505243977, 0.0005333662062666305, 0.0005160198983846209, 0.0005966634351421915]",-0.011482355608528476,0.000190859197545032,0.35193263748296755
