mean_samp,err_samp,mean_fit,err_fit,chi2dof
"[-3.727499355581407, -3.5557358656147815, -4.291826432047812, -4.711506807744807, -4.817834310608164, -3.82596535586462, -4.014024687687735, -3.7843628094405757, -4.101367192308241, -3.2029878689881874, -3.016600790121543, -3.1641711619955935, -3.7281077040503376, -4.029134762546504, -4.070356572664554, -4.050408133801945, -4.407762256590705]","[0.2995149967212623, 0.35673851428382497, 0.23657912770498796, 0.21628604699921297, 0.2960681830766977, 0.30968705842126204, 0.6313253006252247, 0.536862933250771, 0.21261477163542247, 0.5915050410043531, 0.7250268780184493, 0.42400595233698474, 0.4135796192548905, 0.5589367595863629, 0.361221428337376, 0.16462676421459282, 0.20310729732264537]",-4.24456044378494,11.558412349851826,0.36402479493654577
