mean_samp,err_samp,mean_fit,err_fit,chi2dof
"[-0.27032151979495217, -0.20487297259457626, -0.16937148111492983, -0.1831847619640996, -0.21631347569380435, -0.5203285046664268, -0.4224123376487848, -0.2770629338266034, -0.24042195758178045, -0.2563799076661347, -0.3527789294714765, -0.3609289056455532, -0.44923970873021574]","[0.07004226014589025, 0.03829319196573979, 0.016665762141169826, 0.02056967129034802, 0.027897458764588313, 0.16309497641666565, 0.09580485688317016, 0.04591197400143142, 0.08053309773349498, 0.036848672282576746, 0.08704813584436735, 0.07870866536076104, 0.12230561051820081]",-0.1800782804775215,0.0022248326260968843,0.8484169089422258
