mean_samp,err_samp,mean_fit,err_fit,chi2dof
"[-0.9390504422697685, -1.4829402331851573, -1.5516155366904238, -1.7502924541437084, -1.1226793433797873, -1.0555293926375677, -0.9754036931533179, -0.8703525538168404, -1.4556524923434793, -1.2647254559344907, -0.8083064781564412, -1.0577309430553616, -1.0301663760376534, -0.9175872329651564, -1.029361043431018, -0.6372044524726699, -0.7504379338694537, -0.7515767480763562, -0.5425199124350778, -0.5015955194125696, -0.5095159205400952, -0.5292160128441012, -0.5025513426145177, -0.5659597707877239, -0.6758081683909144, -0.7671946993695097, -0.6916422211688061, -0.8125962811902065, -0.8187570853726552, -0.7938809642331367, -0.7300383424003973, -0.855582304072351, -1.0703152910980172]","[0.15336941611930743, 0.4125140533181173, 0.4516098958096105, 0.5626562936021456, 0.2510751946007219, 0.22578217324953614, 0.20639289762761695, 0.18507340706047587, 0.4661097549738125, 0.39442574764358956, 0.19361086375120862, 0.31479087690544194, 0.31157941528452526, 0.24954679621950748, 0.29096015943451814, 0.11234542853569862, 0.17889945892087905, 0.18888833259239254, 0.15772353018423232, 0.074929672922893, 0.06440262536842578, 0.08101837990554818, 0.07466933039977572, 0.11611544245888589, 0.15694671011187167, 0.235745549186203, 0.16028260971177732, 0.22452505281136126, 0.2259691740605339, 0.20079581284906547, 0.15779417065227277, 0.20965227169116776, 0.2898593591314449]",-0.7228958316003119,4.951890343002884,0.0645295351200299
