mean_samp,err_samp,mean_fit,err_fit,chi2dof
"[-0.44276701181003847, -0.42416739715136215, -0.47035599129675054, -0.47963314742462354, -0.46611444716093314, -0.5537297133754118, -0.5485060164278885, -0.48583208213701756, -0.46990156388287835]","[0.0586894055631927, 0.04940196710435787, 0.1640207823856441, 0.15160943792925416, 0.09382571633941754, 0.13345559868321077, 0.12798824869253864, 0.06843396746572877, 0.08747935230902824]",-0.48053868814886525,0.7212839237640704,0.33032870135657266
