mean_samp,err_samp,mean_fit,err_fit,chi2dof
"[-0.589945702964877, -0.6123752687142566, -0.6302423567097621, -0.5792045824121984, -0.5567322768492683, -0.574433413020592, -0.5387605077296259, -0.46459357448671734, -0.4448098333618682, -0.44255482872550106, -0.4098025527764435, -0.4064920211556642, -0.3972508032297269, -0.40930272854851774, -0.43378623544371825, -0.4237363656538279, -0.37727949042943953, -0.3638590739239142, -0.3506030920364314, -0.36066251853694925, -0.37323978094058463, -0.3689548193422533, -0.3664398396635995, -0.35851481082385334, -0.36527825647567347, -0.37260909242044205, -0.350043214499257, -0.33880961970293855, -0.3307685370199098, -0.33519875155697887, -0.3591664283456702, -0.37608275313141015, -0.4069603591393322]","[0.05877725491496606, 0.05637238723759785, 0.05467280948194876, 0.0817837177799362, 0.07957814796138091, 0.05225622185772911, 0.10502379236478067, 0.08657020223331237, 0.10744492083918047, 0.11751766851070208, 0.11104663926829622, 0.12226663631197136, 0.17197360085173324, 0.1828352052481245, 0.2013945336087661, 0.23509668973823145, 0.33067946835039363, 0.31539296960256974, 0.4417295377689229, 0.28034768421105294, 0.2124016092580215, 0.2628342203005678, 0.26007102281114086, 0.39259151829272226, 0.2784604004520633, 0.49482220897095847, 0.3025290121404663, 0.2548294043987081, 0.21788235172093434, 0.21733284015532853, 0.19605536959237677, 0.1849843052323734, 0.16850300866410886]",-0.7342634343179049,5.149771704975702,0.0697898804354964
