mean_samp,err_samp,mean_fit,err_fit,chi2dof
"[-3.1913579287612546, -3.461369236320374, -3.4931873264232918, -3.125448328249788, -2.9831656128091035, -2.827123519312657, -2.765596600811015, -2.8016617416521483, -2.818587103722271, -2.8961026473272202, -3.007516870136051, -2.9609429504232883, -3.342057481884756, -3.389568641641081, -3.561954709165706, -3.3396239490722675, -3.7544308395813824]","[0.3310576353833054, 0.37008828522680465, 0.5133126997345099, 0.5828513956595166, 0.6008879063716568, 0.6836412324444103, 0.7590191040322184, 0.6145491326285688, 0.7146467616833427, 0.6240967323397426, 0.4942664210711802, 0.6070335837592818, 0.7298129426594427, 0.789066870682067, 0.8275375589029719, 0.6925786311405212, 0.7003015079679517]",-4.102686301562142,16.00738866269951,0.848474435904434
