mean_samp,err_samp,mean_fit,err_fit,chi2dof
"[-0.04272565405105091, -0.04030439616365492, -0.03835111551227722, -0.03546934495264712, -0.03409187187614541, -0.033322617156847686, -0.03318022797599137, -0.033074618937389284, -0.034021070373617346, -0.033135149929239986, -0.03282407406312081, -0.033983352959282474, -0.034519352926660155, -0.03523448092914727, -0.03601854333243955, -0.035170221379310244, -0.0367844750047082]","[0.0029367320228687334, 0.0019954057079393495, 0.0016983528988073842, 0.0016355479836631908, 0.001641538798234182, 0.001781767696538877, 0.002170266054944793, 0.002454201102723543, 0.0019510356226113148, 0.0015925447380405631, 0.0013383215947367433, 0.001420977766495228, 0.001229910141208978, 0.0017624162263733315, 0.0019095595700052404, 0.0020284731830501864, 0.0026405551747655017]",-0.03482612546975398,0.0005656424639754221,0.41708875781239274
