mean_samp,err_samp,mean_fit,err_fit,chi2dof
"[-0.06402920014121664, -0.06539764810830181, -0.06092473013529325, -0.06194286947365164, -0.05652416091061953, -0.05880635760569525, -0.06367077415501457, -0.055661274872405866, -0.0565893771088313, -0.054699898540788675, -0.05513515871389296, -0.073143424256129, -0.06721566589526609]","[0.008807175308453586, 0.008608162548710437, 0.0073512758536107255, 0.008805687396660251, 0.005160765995552291, 0.005547347461011239, 0.007770051447132493, 0.0048446309197470285, 0.005569560888465046, 0.00529336715115123, 0.004730101959629153, 0.011515143465230646, 0.009731900227454801]",-0.04081873239280263,0.0012221633567137096,0.5728627548523204
