mean_samp,err_samp,mean_fit,err_fit,chi2dof
"[-0.02435090728728374, -0.02449211518921321, -0.02454594983964606, -0.024155041877961896, -0.023995969292099618, -0.023924843555582085, -0.0239214713474976]","[0.0020602541780751285, 0.0018249346939713381, 0.0019701204677549065, 0.001739951596894505, 0.001509818944038017, 0.0017218093765766832, 0.001926396026302496]",-0.018821541073846305,0.00026501918574968806,0.7854885535138819
