mean_samp,err_samp,mean_fit,err_fit,chi2dof
"[-0.054286504323327156, -0.04500208603185296, -0.04308213731973081, -0.04928926342824076, -0.05032457967691294, -0.05770876451456865, -0.051282552215401025, -0.052264640911287, -0.050650033350319534]","[0.020790497760413394, 0.0077091307585858354, 0.0063333300374421005, 0.002997177913286148, 0.005857567588530204, 0.005978953613691459, 0.005270069761580473, 0.00794876186057931, 0.00759492465025087]",-0.05973339558849813,0.10449807210034247,0.08390403918591456
