mean_samp,err_samp,mean_fit,err_fit,chi2dof
"[-0.062322665073692864, -0.06270224641164758, -0.06420159972828932, -0.05794516125480036, -0.05766850360139523]","[0.0019482258847720987, 0.001910429245223239, 0.0025486777617293485, 0.0014531752743815174, 0.0018006744057935235]",-0.061953363285607445,0.0005436103318089459,1.6099068468774793
