mean_samp,err_samp,mean_fit,err_fit,chi2dof
"[-0.2243507069375273, -0.23331770321609716, -0.2804541192700164, -0.3629082379095484, -0.5562333686497374, -0.33816362037845576, -0.5887239046156109, -0.3795179729979453, -0.34612764909690497]","[0.022373112746684333, 0.019294075370773517, 0.041844493735364946, 0.0966248663152598, 0.14687498135562216, 0.056384437169263286, 0.16230646571538257, 0.06930443255971937, 0.05042777061772786]",-0.22183179464552527,0.6010064534150058,0.10283890625047143
