mean_samp,err_samp,mean_fit,err_fit,chi2dof
"[-0.04293889082563234, -0.04526658953267997, -0.044290563219817565, -0.04296881972611444, -0.05043909983132138, -0.048908043556192486, -0.05950813853915361, -0.08009991583747161, -0.09577872322450627, -0.11485445302309223, -0.05828918484382162, -0.07176139280702314, -0.09663617668962447, -0.11775094958241192, -0.06802274839333057, -0.060359464818826515, -0.0633241669882754]","[0.004232447053665572, 0.003961124421190968, 0.00312912220473447, 0.0029061781294389575, 0.006657390744692062, 0.0077676662763712665, 0.014425607628673284, 0.030292943426210032, 0.039975518698871726, 0.05127742317978817, 0.012896490979988122, 0.019966027236211808, 0.03482270091523947, 0.042979530001874294, 0.01484031553344569, 0.010854728841788158, 0.01175109986526001]",-0.04650011729634364,0.00037147911775385444,0.9352678978101651
