mean_samp,err_samp,mean_fit,err_fit,chi2dof
"[-0.05958629142562658, -0.04243714614120218, -0.03992484237003426, -0.037196053829984414, -0.034821281950092355, -0.04333856529670936, -0.04496593184933396]","[0.0037347165258391803, 0.018108736700291728, 0.010468177183148233, 0.00402789812892626, 0.005543860177200032, 0.00877131690811795, 0.004042129995192068]",-0.05415027926905637,0.08370643236866361,1.047054161989023
