mean_samp,err_samp,mean_fit,err_fit,chi2dof
"[-0.5397109354939728, -0.3395985350132255, -0.28781866024671776, -0.24215860106231243]","[0.17851765254167232, 0.06653570475633838, 0.034596705487722416, 0.02325248726036807]",-0.24100031327586094,0.0334556985006142,0.9082075862221648
