mean_samp,err_samp,mean_fit,err_fit,chi2dof
"[-0.057432226499178084, -0.056267312708984156, -0.06633762005092944, -0.06878313605471834, -0.07377365711061078, -0.06822432500278926, -0.0811375960436783, -0.07487265018792069, -0.0755213806098428]","[0.0028908263658426413, 0.0026101620416174574, 0.005545191697537181, 0.008115627671624796, 0.010537809101573956, 0.0069404447137075085, 0.01588554316188683, 0.011234954258445244, 0.009917410518769099]",-0.056579344276905454,0.0005071445965250553,0.7746459952125623
