mean_samp,err_samp,mean_fit,err_fit,chi2dof
"[-0.03904785000238432, -0.03808021507669908, -0.035632705756993885, -0.03440804824743206, -0.030616670459429077, -0.02973078140418756, -0.028956073397546796, -0.029613019042341333, -0.02887023251347915, -0.036054153284058005, -0.03252091271875777, -0.030025158450051482, -0.028325076630617584]","[0.006331082102989698, 0.004134320311520423, 0.0058273488915389126, 0.005906240319806259, 0.006241939794340308, 0.004297534265813892, 0.004886004119482574, 0.0032211895210684403, 0.0012676945345904272, 0.0036310762671852913, 0.0027423164350143955, 0.0034083741067228992, 0.003274348226039723]",-0.03383306578763767,0.0005173250021334679,1.161394634226428
