mean_samp,err_samp,mean_fit,err_fit,chi2dof
"[-0.06950792234671455, -0.06796983992154697, -0.07338655716489492, -0.0742151100834059, -0.08557271711431409, -0.07153012544571047, -0.07474382353236338, -0.08232313709377186, -0.07203456584299231, -0.07152749910393691, -0.06774727895968113, -0.07022289314914702, -0.07856667564776432, -0.0718493779031956, -0.06557739918289641, -0.07313150467605663, -0.07689632518334531]","[0.005955000558343615, 0.005120404643195713, 0.007582819012475215, 0.009290147017800138, 0.013133205292590554, 0.006345936458193255, 0.008982709032055938, 0.007250330630747269, 0.003944600323669896, 0.004857426349961667, 0.0035375493369363157, 0.005040059091115997, 0.01148701396795973, 0.0069919042218155765, 0.003675679866386726, 0.009139590237763196, 0.01042780589675515]",-0.07132072209434093,0.000791551278505891,1.1005162103718615
