mean_samp,err_samp,mean_fit,err_fit,chi2dof
"[-0.08841197994682733, -0.09196550137505631, -0.31103526397068143, -0.08429596823073317, -0.0777121641819942, -0.07194792228057877, -0.07495673398463897, -0.07709993589457928, -0.08354309375664616, -0.08598925000194359, -0.07085657373282414, -0.07228964643285424, -0.08167349975028673, -0.07621316088487476, -0.08763412165922443, -0.08689806345691409, -0.07637274178520018]","[0.010775258185506916, 0.0167129278906572, 0.1781241048560317, 0.011053947675385463, 0.006216929153392269, 0.004264811366051759, 0.005774343676702804, 0.008140008593461071, 0.01199865058950079, 0.013997611089976885, 0.0050490171131499445, 0.005658898721571078, 0.011210217899761834, 0.006046556916498933, 0.011972725751860326, 0.010188051092719828, 0.0048053002840245836]",-0.07555484936826776,0.0008691251183474142,0.7225984331032455
