mean_samp,err_samp,mean_fit,err_fit,chi2dof
"[-0.42766753101245586, -0.41113178104828324, -0.3881512650684446, -0.3601407916544946, -0.3699857706946046, -0.3834534909994915, -0.3708478112478764, -0.38646130191089934, -0.3880255559937039, -0.4355488450283866, -0.44681084342026756, -0.39289192051109834, -0.36248418973137925, -0.34959330807564226, -0.34959523024649075, -0.3821896955222165, -0.3542750871959326]","[0.04038695248175527, 0.03113395766489481, 0.023866710567994602, 0.026861995007359387, 0.03563984575307932, 0.041233381615501365, 0.04760992064142085, 0.06456312051192806, 0.08820951283034, 0.08376514797577445, 0.1366245700697041, 0.11772266228308821, 0.06659326543362558, 0.05479888259853106, 0.06360668143276398, 0.04082577114939536, 0.09148613996314463]",-0.4598874809290141,2.227015323095812,0.02350520374145412
