mean_samp,err_samp,mean_fit,err_fit,chi2dof
"[-0.014997810821101335, -0.014538217214709537, -0.01582156103225394, -0.01746749556764409]","[0.0015406564571225191, 0.0011908086656071527, 0.0020461099799388986, 0.003356682142742915]",-0.011901520160479876,0.00032370655164481196,0.5796524063933449
