mean_samp,err_samp,mean_fit,err_fit,chi2dof
"[-0.20191360969442473, -0.24788455045131957, -0.2159504216887603, -0.20583151636283095, -0.17579853086107133, -0.1929445394716226, -0.24368118204045755, -0.17601794677299495, -0.16557308629403997, -0.14997229640692478, -0.14509133350695824, -0.16617213787700608, -0.1678399764458706]","[0.025458923942453728, 0.045512756013637315, 0.03429054623048636, 0.030248415966223952, 0.017461971734282378, 0.02307905833597993, 0.04445672266826138, 0.018309007576541265, 0.014195102313499729, 0.012884084478253115, 0.016996877800344208, 0.015470881022080636, 0.016415770513038077]",-0.19272241321729933,0.5340621427177554,0.00196713262335067
