mean_samp,err_samp,mean_fit,err_fit,chi2dof
"[-0.9197210940863522, -0.9023019581570351, -0.8697155715460232, -0.8559146763731167, -0.8239656643632598, -0.762138544961648, -0.8276230647490608, -0.7698920708215778, -0.6823723321102825, -0.675061783311385, -0.6773822012188669, -0.687564041193316, -0.6719608638810685, -0.6370630049619138, -0.6629286375871594, -0.7107394041651931, -0.784801985640239]","[0.0641491323372714, 0.10796062421714007, 0.06162851648624388, 0.05707490047558228, 0.0595313860538291, 0.08829648367943171, 0.11418693546838557, 0.08950945669290468, 0.05971169198081082, 0.06603235371816141, 0.04262801908522508, 0.05609493216707579, 0.03106071494360708, 0.04380808712712477, 0.12453462673011371, 0.12811085984777057, 0.11553842980924835]",-0.7346552737804736,0.012817027349740903,1.0412711649938613
