mean_samp,err_samp,mean_fit,err_fit,chi2dof
"[-0.03567845407314875, -0.035023638083114726, -0.03351489404843145, -0.05241407742550218, -0.047616452600715314, -0.043489458054849786, -0.07267617514031043]","[0.007942031040074932, 0.009163232218660326, 0.008352873074181965, 0.021832508330281872, 0.015788957941368687, 0.011164882346590558, 0.026479070081584143]",-0.055948162123827104,0.0012142088816397677,1.5043583681105632
