mean_samp,err_samp,mean_fit,err_fit,chi2dof
"[-0.0959403593786661, -0.09433578972178938, -0.11120640573071486, -0.11140056691836764, -0.10756895741784886]","[0.016434254041887544, 0.015097137415293784, 0.02349036764760684, 0.02454601621455721, 0.021096696138204186]",-0.056481717176918744,0.0012794680510972766,0.8598517573214269
