mean_samp,err_samp,mean_fit,err_fit,chi2dof
"[-0.10692628146920524, -0.12243289720731347, -0.10172582921441549]","[0.00666886450002804, 0.012346473784505896, 0.003792206610209583]",-0.10063803872351455,0.0013806087460172779,1.0440485131041726
