mean_samp,err_samp,mean_fit,err_fit,chi2dof
"[-0.045560568932243785, -0.04099536377484513, -0.042370754394877294, -0.0418399920366589, -0.040487332247848215, -0.04476182822074046, -0.04257686269877423, -0.04243784028469159, -0.04387408539642517, -0.04040020962205402, -0.041578773692254475, -0.04240432850123105, -0.04519773157116302]","[0.0026771458884918197, 0.003746854866102085, 0.004192420682183808, 0.004754262062390353, 0.0029683964480036445, 0.005277740286319734, 0.0045225405435221026, 0.004639335583570024, 0.005880785632688625, 0.0033594828303516156, 0.004336553400761646, 0.005235764230017508, 0.00553759027736178]",-0.0454650419683173,0.0005942339457936217,0.6286159555213406
