mean_samp,err_samp,mean_fit,err_fit,chi2dof
"[-0.06597361032209201, -0.06290910892499775, -0.06020609438136128, -0.05448021247647571, -0.05367570085862432]","[0.00469463254397563, 0.004875679390123847, 0.003737103724910169, 0.002317443248220788, 0.0031675027062553463]",-0.05961191361664784,0.0006585165261205899,1.3445421026609512
