mean_samp,err_samp,mean_fit,err_fit,chi2dof
"[-0.14340924052099252, -0.14419689072305567, -0.14782058132831954, -0.14964641119849414, -0.15034712020791496, -0.14691240816909545, -0.14656612178303308, -0.1466596266986221, -0.15538561722287209]","[0.010036829698533882, 0.01048846749132601, 0.008996900595459252, 0.009910437343025066, 0.010126881789704351, 0.011099508393831121, 0.01079074054671504, 0.010907760020710894, 0.015720988143120805]",-0.138014286815207,0.0028248455540255887,0.4218334067208659
