mean_samp,err_samp,mean_fit,err_fit,chi2dof
"[-0.31727625298906953, -0.15748774233844048, -0.11673405183304485, -0.14900293319248384, -0.13436003300257018, -0.15758484630916295, -0.1492168612185376]","[0.09483583226293114, 0.044330192684911576, 0.029067322993235976, 0.031277635029074366, 0.025535200821137662, 0.03908984536024575, 0.01624530535314274]",-0.14715361881905328,0.004944835977534264,0.977341967099069
