mean_samp,err_samp,mean_fit,err_fit,chi2dof
"[-0.09500973946795155, -0.09644359411329959, -0.09422399605434507, -0.11914606588042741, -0.11121675785615413, -0.10090226026193248, -0.10394563529555409, -0.1080777153400239, -0.10690812581333095, -0.1072140253991029, -0.09837321888345735, -0.09891747349945672, -0.10357466751898174, -0.09611712943253599, -0.09082577843781783, -0.09152655012283423, -0.08833246394140738, -0.09170302107238426, -0.1017671493054933, -0.10129916568175805, -0.10183671963934104, -0.09457123223437204, -0.0975386668887596, -0.09399097100236772, -0.09179670680887976]","[0.10168191810948984, 0.08086639763136687, 0.07339791441305339, 0.20851648845672666, 0.13449013724443076, 0.06671679623825494, 0.09432914624153507, 0.1342655735157262, 0.12762166919113926, 0.1281340565983144, 0.08366772311806416, 0.07542503694826111, 0.08676646761543397, 0.056181849569675146, 0.04459101626643179, 0.04606097244000139, 0.041164565674145344, 0.04761827736352608, 0.05986902147927001, 0.060724698577739315, 0.056680023425192454, 0.0399689420030785, 0.0425023935538581, 0.03861409702322623, 0.03868367806096339]",-0.23888599405276761,5.921974153234917,0.08155762529837898
