mean_samp,err_samp,mean_fit,err_fit,chi2dof
"[-0.031192837292727604, -0.033187346138132415, -0.03377047118700045, -0.05373832542857034, -0.06380547221468882, -0.07741728036728823, -0.04331334478211276]","[0.002734687990267253, 0.0034600490132274055, 0.0038809317516541194, 0.013550308709493695, 0.019179532181094958, 0.02802966956711105, 0.005959389443326297]",-0.03120272394368284,0.0007933033409100252,1.0544500093063185
