mean_samp,err_samp,mean_fit,err_fit,chi2dof
"[-1.3540318819396249, -1.4835219885634576, -1.1443661147742743, -1.1323747771767672, -1.1624820164792313, -1.2176156659077273, -1.2018347861707463, -1.1466146156096306, -1.1302699855817027, -1.2813649999347723, -1.276440777567943, -1.3914806165075952, -1.328376455080881, -1.1193851900158098, -1.1581950720313277, -1.1225335942016397, -0.9743468565211715, -0.9631591247234027, -0.9162720592972162, -0.9760859334619463, -0.9136956297815856, -0.9912033903476452, -0.9937132418218836, -1.0724131928323173, -1.196888637218958, -1.1310823407037915, -1.031016274505668, -1.0069680590313617, -0.9659028462468255, -1.0686008729398233, -1.3227724881203573, -1.241105475053998, -1.4507757743070928]","[0.2361576697150605, 0.23682973847367247, 0.5558562719589066, 11.170999419464337, 1.1576759631497529, 0.47642397645235707, 0.9164916446075251, 0.5711329175713759, 1.0038793611438266, 0.5946525983521668, 0.6624959369521904, 0.6833872232268341, 0.6118856146463643, 1.0083341873442857, 11.987594413067574, 1.9724688232398966, 1.1376810336348566, 1.9018692620114432, 2.0502031797328115, 0.9434106420373118, 0.6175463502924716, 4.370857824035061, 0.2888747771052143, 0.35415849937660204, 0.30729251211625636, 5.022599134772086, 0.5681110319545382, 0.2936498927433221, 0.2502274238162494, 0.5592467317591042, 0.35762294475627915, 0.2745435338359659, 0.43376423342078513]",-1.4713343806710706,4.98833510664475,0.27050425166513
