mean_samp,err_samp,mean_fit,err_fit,chi2dof
"[-0.06022987402940598, -0.060445724695577636, -0.0568009885114912, -0.05328581795021364, -0.050639739947656505, -0.04921345908023301, -0.04776083050400546, -0.04592971099501982, -0.04488003589275573, -0.04488375412586676, -0.04588303440773268, -0.047418673973043286, -0.050152192363944775, -0.05018721098479359, -0.053104195380415886, -0.05411476658743368, -0.05398528938460303]","[0.010442119736670861, 0.00981449116859368, 0.007810355620683165, 0.006713932793109563, 0.005755499116353151, 0.005104502762183282, 0.004655309047272221, 0.0042220882922424634, 0.00378674369072062, 0.0035228662039749675, 0.003976068951539976, 0.004720635356369611, 0.005888816929220604, 0.005947799681843875, 0.007331221001313734, 0.007847143200580341, 0.0074592562190154464]",-0.02373651231858714,0.0007623091287505837,0.5266745470334816
