mean_samp,err_samp,mean_fit,err_fit,chi2dof
"[-0.14736909273727716, -0.14040789083660887, -0.12506137179621946, -0.12897197224849163, -0.1421065361205622, -0.14612092772834032, -0.1509281536147222]","[0.013029709809252941, 0.016929463001063627, 0.012701163470101522, 0.026257357343901284, 0.017490079454387127, 0.012682296212652025, 0.00997328635636951]",-0.1569398430123412,0.002107247173839973,1.4508809651013463
