mean_samp,err_samp,mean_fit,err_fit,chi2dof
"[-0.2862805370520142, -0.3001627588478504, -0.3259311441938968, -0.3339072495238409, -0.4019045181883624, -0.4227026588722702, -0.3969872545709289, -0.4061059314268766, -0.31798372163377503, -0.41078185844009607, -0.3743537334945338, -0.3438054235529876, -0.33971112428916495, -0.31322332483044935, -0.3320884699588075, -0.39403659436455035, -0.8905188678790062, -0.6763660051786505, -0.4615752067118703, -0.41501883178348886, -0.516146757111424, -0.4085278784841862, -0.4071417033114403, -0.3665708031835249, -0.38768307994025036, -0.3301347547527022, -0.36934116304854453, -0.4542802716703304, -0.4142494654114171, -0.4843257364423277, -0.3998541091604372, -0.5289513420188159, -0.4390722110473103]","[0.013718199949904163, 0.02254682846543564, 0.035763880415488794, 0.038110536603027566, 0.12861932245545768, 0.05447703916284583, 0.04833820789252077, 0.04608019670443776, 0.02264484162406407, 0.05475033122090075, 0.0457867267799217, 0.03462225938485076, 0.04057550851602015, 0.015873180202809995, 0.033360204535978086, 0.034721597173204576, 0.2704239133325768, 0.1426826202750505, 0.06944598934417481, 0.060346313497943525, 0.11184947341204217, 0.05543285174303284, 0.04589015957221491, 0.015198052544754245, 0.022498402950174225, 0.017849802984374066, 0.017550519497454998, 0.06166640115018766, 0.044023139452929745, 0.07649253461546011, 0.1225303094912585, 0.10804014148562155, 0.09423886212347803]",-0.4235556510284743,20.668753143415078,1.1242038214864931
