mean_samp,err_samp,mean_fit,err_fit,chi2dof
"[-2.611851355283271, -2.6590647811110006, -2.6578176746924185, -2.7055878227126846, -2.609394732436237, -2.5839993808651833, -2.4953773141908164, -2.5078625994976944, -2.506891506321336, -2.538202934683872, -2.611639233360291, -2.549423940309041, -2.5306723889353284, -2.545668811283229, -2.5213891875171592, -2.498230304581387, -2.5356384825202123]","[0.18623148908508091, 0.14591145618236245, 0.1792742928934005, 0.2488185603977743, 0.29072465735000613, 0.25706840086890204, 0.2960182422039249, 0.30799985715224565, 0.3447156208133384, 0.38328512850084656, 0.39059287009477517, 0.42449238229454267, 0.3913858147889397, 0.3815401806205181, 0.3565322240967357, 0.3849797561663853, 0.3772310284257039]",-3.9266596368226807,16.558685821086833,0.7474123158646127
