mean_samp,err_samp,mean_fit,err_fit,chi2dof
"[-0.11507021566279872, -0.11965950558374469, -0.1296024428619384, -0.13991829865953076, -0.1445444341494747]","[0.010524624186714446, 0.014229982244545514, 0.03214802987406185, 0.026992171187787253, 0.024118021875372896]",-0.13516861102117542,0.0032633355818746526,1.2457795348702694
