mean_samp,err_samp,mean_fit,err_fit,chi2dof
"[-0.14175866708547863, -0.17308293646382564, -0.14758570996968223, -0.1352775876901817, -0.10841644144698454, -0.1160740142692532, -0.09407320357740112, -0.08553901217672796, -0.08176740904924504, -0.08204231891286172, -0.09072059880323982, -0.09820937594523572, -0.09777031850582339, -0.09232415723126533, -0.08790593806846236, -0.08311316528399942, -0.09091396900374792, -0.09111362027529833, -0.09635018157001296, -0.09890402187605946, -0.0878539704833074, -0.09671924494326391, -0.09438331247319662, -0.0900329704597548, -0.0908123111256751]","[0.019361412307173465, 0.03150768904521124, 0.02270292273832307, 0.05639483952504791, 0.046503590367123385, 0.016300455815521735, 0.01809998357312913, 0.04372119814501654, 0.030609913072697767, 0.022162909214573284, 0.020153139034392396, 0.024837341134451765, 0.03993794287453683, 0.037990587181236976, 0.041193333197882986, 0.028917280543579782, 0.03326825342588655, 0.021107764120778322, 0.016102497211349612, 0.009938906696739237, 0.020906013146225318, 0.023592151447830317, 0.030528401810338637, 0.03965823844377438, 0.03321233093182237]",-0.22978324528532817,3.6698551840606637,0.04430209563150306
