mean_samp,err_samp,mean_fit,err_fit,chi2dof
"[-0.02605653861152449, -0.026170663444937663, -0.0261403071000525, -0.02616541142195201, -0.026274294320041493, -0.02649442175081218, -0.026591460746270255, -0.026526691489428805, -0.026532090475817366, -0.02657113414217919, -0.02658597848738996, -0.026703034165101044, -0.026661769464710397, -0.02679027239505532, -0.026811138025644894, -0.027096421403645276, -0.02718512368452781]","[0.0009650172352956411, 0.0009841094083067362, 0.0009502521716418322, 0.0009622190935780094, 0.00098043173935042, 0.0010218142722761391, 0.0010296577968770175, 0.0010329135808235788, 0.0010186592089965868, 0.0010152856359736707, 0.0010175222493247543, 0.001042069621047209, 0.0010213287140697917, 0.0010499214407603617, 0.0010582566066703227, 0.0011156639789547459, 0.001130908512068705]",-0.02164609003640704,0.0004648619530568998,0.3205489761239985
