mean_samp,err_samp,mean_fit,err_fit,chi2dof
"[-0.04578308300375709, -0.04684460781631916, -0.044008829612663204, -0.044491492492334264, -0.04261382931643234, -0.04235789861288487, -0.04267002781761511, -0.04238377539332134, -0.04217286431841247, -0.04208130204329419, -0.04236358018747032, -0.04425378390161986, -0.046914964629338335]","[0.003123021181977006, 0.0038993256337444297, 0.003689383352084177, 0.0038265591862099175, 0.003212211219173238, 0.0034685839571517315, 0.003823603675013614, 0.0031146311389209113, 0.0033306448408775965, 0.0035049341998240288, 0.003707409214310622, 0.005814200720057899, 0.006875783213802618]",-0.02989418346109927,0.0006151659700680293,0.41956340220045524
