mean_samp,err_samp,mean_fit,err_fit,chi2dof
"[-0.8465583521294812, -0.7720052870709739, -0.8681066872495845, -0.7199740543892901, -0.6803074838901915, -0.6766909593521778, -0.6315768431334999, -0.6071947763173037, -0.5527878199859283, -0.5902542920139553, -0.5615021198828548, -0.5346387780521035, -0.5264294248881964, -0.5181846796860419, -0.5693525637314233, -0.5910859673880228, -0.5748319949236904, -0.5723706690698452, -0.5332705945451811, -0.5132024049300115, -0.4944456078694617, -0.48104670100302144, -0.48998319263467766, -0.4974113188507798, -0.4817589661143141, -0.557443767787565, -0.5703968717590352, -0.6399259146950079, -0.8832837679489498, -0.7672753053755798, -0.6565930660445538, -0.6498042749720869, -0.6316979313164628]","[0.05711925077280053, 0.04174789334536497, 0.09180173120226243, 0.03295163098105233, 0.027897720597155784, 0.056399964802285756, 0.02305673268954371, 0.05115410883385582, 0.08689702090175673, 0.07275097531696545, 0.1176522955945876, 0.13084912139452776, 0.09311204995580971, 0.07616605658234583, 0.07643512181565, 0.07201048265076168, 0.14229442394336703, 0.10930668232792279, 0.10540097703214325, 0.12591147606806946, 0.14158205237850718, 0.1444933195250645, 0.17139801658985418, 0.18729832439675542, 0.18896326846708056, 0.38553477333094194, 0.33337296421049495, 0.3831445655149028, 0.5903411444092804, 0.3675939553631188, 0.2305578280429685, 0.21705750687279618, 0.1865874712643072]",-0.7577670361816468,4.587359960240392,0.08485439113575666
