mean_samp,err_samp,mean_fit,err_fit,chi2dof
"[-0.07779133330052213, -0.07585458067545424, -0.07294655239902902, -0.07886160707118972, -0.07718337134464143, -0.06791651209702734, -0.06281767417179568, -0.06905087056731744, -0.07718728991597795, -0.09399701094130884, -0.06277940895913878, -0.06369672188376091, -0.05932683869104007]","[0.0117779202369962, 0.010458585569456518, 0.008955924472182894, 0.01186915724407141, 0.009303915645291861, 0.004573011596649883, 0.004992542756629371, 0.011157500943685138, 0.018858185771528858, 0.04433762272984436, 0.006235060755397903, 0.004505838108602918, 0.005742986066766576]",-0.05570676239442749,0.0004961632765926121,0.7474767607926336
