mean_samp,err_samp,mean_fit,err_fit,chi2dof
"[-0.010161886972678013, -0.010793054617016623, -0.010302659015245042, -0.011992309809280241, -0.011346937534601385, -0.010296167938938122, -0.012239330277336563]","[0.0023893273153627013, 0.002900030147663823, 0.0029007647944437063, 0.005222473753395021, 0.004208050571608595, 0.003492683032608758, 0.006612041150630536]",-0.019375671910209395,0.1347832378018585,0.3523315674039145
