mean_samp,err_samp,mean_fit,err_fit,chi2dof
"[-0.014689511180739447, -0.01442534868876942, -0.014565852667835685, -0.014716865064887502, -0.014512418401226825, -0.015681405756500597, -0.015919187462724065, -0.015870395587788216, -0.015989264788087123, -0.015499910931894682, -0.014958885994423018, -0.014872036669429203, -0.014760198298166959]","[0.0017792055620516202, 0.0014888518455404443, 0.001449084401478619, 0.001384364463629016, 0.0012689267829805873, 0.0019040318280537402, 0.0020946351117303564, 0.002041391548399087, 0.0021358140722007933, 0.0017968307585020037, 0.00163695900329383, 0.0015603246827203098, 0.0016370041181656553]",-0.007554743869624466,0.00017151680845694736,0.327474299137595
