mean_samp,err_samp,mean_fit,err_fit,chi2dof
"[-0.2224120155727373, -0.22540007073393745, -0.21104699076216762, -0.19925257643702896, -0.17650385923182266, -0.16385254375164832, -0.15908267886316788, -0.16383050970753352, -0.14678944255754092, -0.13871913469353767, -0.14090526062103714, -0.14168500149102903, -0.14095564700370242, -0.13435390330368369, -0.1322722490394616, -0.14045287905147644, -0.1410139706143057]","[0.0188648199211672, 0.02254208022617453, 0.036399785504630355, 0.01854054492014329, 0.024182595996794492, 0.027075191277360973, 0.023245968494303285, 0.03440872301453664, 0.027029568624893956, 0.02939703998638238, 0.0199344386295282, 0.0247573406086071, 0.024031542498802003, 0.026455702757622743, 0.03326683339244541, 0.029231611470156765, 0.0333724832783114]",-0.18343721715449157,0.0031049369624709154,0.6142319597679778
