mean_samp,err_samp,mean_fit,err_fit,chi2dof
"[-0.7201074400711425, -0.8151783750557009, -0.6426427485831543]","[0.04778430982985791, 0.09394170416927429, 0.03836743300509005]",-0.6942357387410586,0.004180119246513618,1.1831782628778573
