mean_samp,err_samp,mean_fit,err_fit,chi2dof
"[-0.21820754083936467, -0.24747631642967077, -0.20216036805422027, -0.1714293995340214, -0.19668076882580232, -0.22249266784247063, -0.40033214380339494, -0.22448877596786163]","[0.024356890249749522, 0.04938461109169209, 0.016664275791303917, 0.014581585771980132, 0.020632194791462177, 0.057389810349133326, 0.19117152129111198, 0.04103821297802545]",-0.18486910377906132,0.04847295571803195,0.7765112386418367
