mean_samp,err_samp,mean_fit,err_fit,chi2dof
"[-0.26911302869781073, -0.30625643048833406, -0.29006935226120706, -0.2793467352692085, -0.2650991106628035, -0.2516803828839896, -0.2766407793832013, -0.26136558776958313, -0.25506197111991413, -0.2574191732386746, -0.2670574202307621, -0.2577509053497037, -0.25961141144200756, -0.2776277867007576, -0.2975806349686668, -0.29383167283438627, -0.3744181809624134]","[0.024315521568789137, 0.057893498849383704, 0.029942370226312354, 0.028199477890810842, 0.02586496717703606, 0.012775402085689095, 0.020701537709340724, 0.01287508552366431, 0.010927910696246379, 0.016101749262295767, 0.025229300475199466, 0.01229599044858718, 0.014262131723145308, 0.016567252316904466, 0.026466089266413514, 0.022577196540334736, 0.05368557071571305]",-0.2647901061404564,0.0010169314938912723,1.1225548691848106
