mean_samp,err_samp,mean_fit,err_fit,chi2dof
"[-0.6291884955898165, -0.6768974452336005, -0.7296150969389806, -0.7887926016244046, -0.7751053355725687, -0.7644134373179778, -0.7109932992251244, -0.8984426379698661, -0.7784451647197673, -0.6987168649519563, -0.7071323011600212, -0.7234715787563393, -0.778289599230658, -0.7037497819244307, -0.5976437386405634, -0.618013471100463, -0.6870214396032965, -0.7360465662114827, -0.7214043956484856, -0.6770984268190912, -0.6435027747456269, -0.6333550239232287, -0.588623003784903, -0.6120236851795998, -0.6851547048576422, -0.6937331522346896, -0.6756942302869277, -0.6503033505583315, -0.6404348990256311, -0.6553137354502767, -0.5728496649821172, -0.5710790373446727, -0.6296964611594502]","[0.11174371643441681, 0.08664160455553557, 0.05572680806632507, 0.08875506322902772, 0.14257215521100206, 0.1671250710381275, 0.10866170067018162, 0.13070582598488617, 0.09239478625514388, 0.0920402102621089, 0.07978581086036057, 0.09999160335432997, 0.11720800530650352, 0.10158878257869576, 0.08978728073500619, 0.08209145603796916, 0.08021124959539096, 0.0799228893391259, 0.07105515920326307, 0.06686493966925482, 0.05344293656706135, 0.05323212611064116, 0.04661852602284449, 0.037119585511902135, 0.07879990332588237, 0.06529342522260573, 0.049810198696080756, 0.04259272923925468, 0.05101856096507579, 0.05401343683304593, 0.02829063392952384, 0.03716581843500337, 0.0387863409669181]",-0.9011947524696183,6.4766509278758395,0.11038690136527322
