mean_samp,err_samp,mean_fit,err_fit,chi2dof
"[-2.6903156375377115, -2.687634478660918, -2.6182965271368754, -2.483396933119986, -2.5080384538432017, -2.5604256103663876, -2.521734634051574, -2.610642576639183, -2.5918153769119736, -2.798475897119211, -2.8575755606666817, -2.614710535827689, -2.484145278832013, -2.3945391826677347, -2.3969083848492203, -2.5835836710909676, -2.4625489212866927]","[0.3998670797515296, 0.4486464711011934, 0.48987137159061545, 0.4304930225812108, 0.4680952854072371, 0.32589083025742926, 0.44776840686161345, 0.550194081974521, 0.4366779899159336, 0.430521234689692, 0.5732523369041702, 0.6192856802468579, 0.30481509157219516, 0.34958645523111015, 0.3686013653177154, 0.30415499961466136, 0.13998323395313464]",-3.1471444619628346,13.403537025915078,0.6216432929957447
