mean_samp,err_samp,mean_fit,err_fit,chi2dof
"[-0.16503479580816574, -0.1753197667422637, -0.20689878091483482, -0.19188989779667898, -0.1625094267779284, -0.15402671983411637, -0.15639496982967413, -0.1848417825131755, -0.17289066868100383]","[0.016905050630126272, 0.018336256084635818, 0.03839818411944776, 0.03414629985230969, 0.0207663248948761, 0.017813515510204925, 0.02004352396111691, 0.030340288800925957, 0.021042013174044465]",-0.1343349096281925,0.006332761106322379,0.9248974217295142
