mean_samp,err_samp,mean_fit,err_fit,chi2dof
"[-0.057274717005826085, -0.05771610279909932, -0.05795292014645918, -0.057913054764277855, -0.057530082975857336, -0.05757542009799137, -0.057896462055979384, -0.05813462149513813, -0.05816976095583843, -0.05829738246833399, -0.05937412819620955, -0.059538035494433844, -0.060333674162812156, -0.05975105091806284, -0.058036740444062394, -0.05842580445702187, -0.05912684734855483]","[0.0020365788280714706, 0.0021646579112637506, 0.0022464223699765517, 0.0022085620927615093, 0.0020679030869003427, 0.002093235137138261, 0.0019767514562477845, 0.0020807583638330638, 0.002051404414899908, 0.002131731777359439, 0.002637284905610132, 0.0024493252898402395, 0.002560080061678445, 0.00242042905991288, 0.0022948150643362177, 0.002547539232955199, 0.0030462627650842374]",-0.05076993778962745,0.0009567422182643907,0.35692520991105375
