mean_samp,err_samp,mean_fit,err_fit,chi2dof
"[-0.25891498850610184, -0.23294613663394137, -0.24227103532067626, -0.2530739380380312, -0.24764324569890886, -0.2196471057687743, -0.233291968227507, -0.23574310565661352, -0.23149548381664847]","[0.038045557021913555, 0.024190773755524274, 0.024541368364113567, 0.03769535743777276, 0.02917660317611202, 0.014910902267195096, 0.014528219716163747, 0.014170345859901127, 0.017489715147501677]",-0.16579613440062438,0.0023858566508877196,0.9706981033804318
