mean_samp,err_samp,mean_fit,err_fit,chi2dof
"[-0.06406696122590223, -0.06401071857784299, -0.06350646446319645, -0.06060549912093282, -0.058484317768437294, -0.059072438083148465, -0.06169890933924933, -0.058522714313011016, -0.058298644478414034, -0.05852924184942372, -0.06047408761186875, -0.07054578655320456, -0.06268186378556827]","[0.010121480631736462, 0.009772777765061419, 0.008170120784481366, 0.008157300593925724, 0.006906673964646005, 0.007225599501357912, 0.008903440801180074, 0.006035804784564619, 0.006348976044235579, 0.006176405982942365, 0.006811611161632855, 0.011478121744235795, 0.008024471472672948]",-0.03404081613992702,0.0008859350669917743,0.41801315016411517
