mean_samp,err_samp,mean_fit,err_fit,chi2dof
"[-1.9794894235134295, -1.670157900180723, -1.4743652991491005, -1.3920385329927794, -1.2955745135688594, -1.231815777812678, -1.2059034640621378, -1.1824994154136426, -1.1276136344595844]","[0.27656287512773453, 0.20105754215948513, 0.08528946578408825, 0.08244647938657737, 0.08864540328427023, 0.11786025179602867, 0.1937524863591057, 0.1407432250560848, 0.1674934484033094]",-1.1540849042336647,0.03670629039247963,1.397945873640041
