mean_samp,err_samp,mean_fit,err_fit,chi2dof
"[-0.13795306896950418, -0.1370615511384532, -0.13579653884375925, -0.1302792598002253, -0.13026063328529322, -0.13080889764118833, -0.129944798863661, -0.13110361774514478, -0.1313534012172437]","[0.004473219231385368, 0.003264040330625429, 0.0041511693419420265, 0.003397630455371682, 0.0029963002627663754, 0.00390204183104665, 0.003940347734196441, 0.003917770297183946, 0.003779805904608234]",-0.12850548424296615,0.0007444934683666701,0.6147541265980321
