mean_samp,err_samp,mean_fit,err_fit,chi2dof
"[-0.01119174230449529, -0.01145593517789902, -0.010697431645512349, -0.010757200237603116, -0.010403486257750255, -0.010468031423180462, -0.01034920541985984, -0.010405386320043182, -0.010522253811844027, -0.010382289730388664, -0.010190389732760803, -0.01075514405045692, -0.0105523574648364]","[0.0020873869976347965, 0.0023808280904632976, 0.0018387668699343775, 0.0018235367635652052, 0.0015191335630581999, 0.0014708189921995684, 0.0014771916122692103, 0.0015649403254267289, 0.0016637752971902235, 0.0014715244267734754, 0.0014037451643602135, 0.0019742854812341486, 0.0017779562258173703]",-0.006503338471044086,0.00021560092957574058,0.1173177069209519
