mean_samp,err_samp,mean_fit,err_fit,chi2dof
"[-2.419627843689666, -2.441274096659507, -2.40615394662808, -2.475293612120691, -2.665285933375819, -2.827648869676678, -2.8594208270845005, -2.8094329142931693, -2.813260215173985, -2.6129263905597964, -2.6055056145186346, -2.5745320179903275, -2.7679952599335933, -2.688367934258246, -2.628100261494378, -2.6080144687736118, -2.6647773158980015]","[0.4526968003566788, 0.5910168556520077, 0.5964929933702945, 0.6125332911642268, 0.7226570485233843, 0.9753472238157165, 0.5885737692808529, 0.38346053405906794, 0.2937912684009811, 0.37117282127740214, 0.21080514700625183, 0.2180989177468985, 0.10433365835068857, 0.12399341523805002, 0.148581114719939, 0.1431787728576019, 0.1392680629338624]",-3.515374227646833,15.196946589426886,0.6229536180693018
