mean_samp,err_samp,mean_fit,err_fit,chi2dof
"[-0.7029785640360736, -0.7092841960138129, -0.7261084032383911, -0.7302200339252475, -0.7450214280820293, -0.7824176606427672, -0.8259474923895429, -0.886037947107839, -0.9124445727353188, -0.9057119894383796, -0.7628227320867677, -0.7934473492901633, -0.7669700199324085, -0.7836698946473324, -0.8299136081207296, -0.8018715951347004, -0.8057270318369071, -0.946124503086918, -1.0150869878653086, -0.959422319023323, -1.1305684766821529, -0.9775520841317528, -1.070318464004159, -0.98676278712478, -1.0979903193642664, -1.0480757463149721, -0.935891344105827, -0.9328253775165466, -1.2172754037561273, -1.158489856339956, -1.364388614146552, -1.3854385880191726, -1.2448095327678108]","[0.09815001837144341, 0.0934545886456431, 0.08635102801118993, 0.08893932087818487, 0.09830920223732535, 0.1350668185476708, 0.10954166552625207, 0.08934558323642733, 0.08195338327944694, 0.0908962987717253, 0.19522742840377103, 0.25635604055765643, 0.2705964765238636, 0.2657767251557264, 0.2716662689587735, 0.24491255768377074, 0.24271158018668537, 0.2688976892572055, 0.1999309759924681, 0.22912077625878008, 0.18588186270430151, 0.1696189030981721, 0.13167923489520877, 0.09177228960574857, 0.12200724335792029, 0.11826804122603636, 0.14324150748047063, 0.11699453485072822, 0.14065747387461638, 0.1336539619729613, 0.21541346294705335, 0.22903485177363037, 0.38155022262925753]",-1.063629186967593,5.06730980616022,0.06757272694855382
