mean_samp,err_samp,mean_fit,err_fit,chi2dof
"[-0.14346852650414663, -0.13769400972229254, -0.15153409720712002, -0.14308612632247972, -0.13949682594598398, -0.1361280242711372, -0.15223728472270684, -0.1569280107537469, -0.15326560582139873]","[0.027249828062672145, 0.023052504934470766, 0.029894421685462844, 0.022493350048133156, 0.019838567439911563, 0.018491589769563145, 0.027168782386165095, 0.02918597731048719, 0.02488237759613321]",-0.13360681460155502,0.0020229221120185875,0.7467715543101107
