mean_samp,err_samp,mean_fit,err_fit,chi2dof
"[-0.11553001717171071, -0.11391143224025074, -0.11744876412682295, -0.11019225226112746, -0.11213233077541336, -0.11999973943426553, -0.12168976994609279, -0.1186598650098656, -0.12636179493059707, -0.1262484073134222, -0.11889193816771357, -0.12400607290544594, -0.1198176107001427, -0.11639737584951383, -0.11316681557098024, -0.11457422305442823, -0.12764592385365292, -0.13903020660133136, -0.14129566669414118, -0.14350411082082384, -0.14130034079625658, -0.14218319449599864, -0.14026356154220823, -0.15585392297809614, -0.14847237962097756]","[0.05115060245457376, 0.03148089469203399, 0.03486683321861593, 0.04320491067936586, 0.03341681536071067, 0.03234282824580592, 0.037954363591794375, 0.03471535436781831, 0.027348812970316973, 0.02717190210466665, 0.03564803461458494, 0.04554624744767412, 0.04447272182725248, 0.03582731174703525, 0.04230427731056647, 0.0514750300657202, 0.031376706825223664, 0.020226721425978225, 0.013310420572916851, 0.01055896913691546, 0.011889909138740084, 0.013438179676637185, 0.012148590321041954, 0.008215566579868284, 0.00936111496804587]",-0.23441549587799687,2.512829846067162,0.014684451192101315
