mean_samp,err_samp,mean_fit,err_fit,chi2dof
"[-0.013246928441183609, -0.01325397609834002, -0.015534951805431392, -0.015683779982581737, -0.015239590671052539, -0.014698489599986172, -0.016263294970357785, -0.021188642109752787, -0.014477797951036814]","[0.0008279860373945785, 0.001112709291960392, 0.0021060486576997047, 0.0016401995864586253, 0.0009716044100736118, 0.0009378715077882227, 0.001832078950004674, 0.006700000936907384, 0.0009024715489408973]",-0.01438093310453251,0.0006668229855033897,0.4593974755721494
