mean_samp,err_samp,mean_fit,err_fit,chi2dof
"[-0.10694689256308756, -0.09685735151326712, -0.10056242401523484, -0.13626913144681296, -0.14416747862246104, -0.1386806501342714, -0.13133767270630062, -0.13448628343568444, -0.13458058853632598, -0.2292322528608892, -0.30285038936851827, -0.47752581510130593, -0.9425999452880811, -0.7234684410317423, -0.7223614645972911, -0.8103848779409726, -0.6989757343140494, -0.46722042835877575, -0.33883289062865357, -0.23158729768093503, -0.37503267139276797, -0.9806985500440485, -0.42269062251553896, -0.601128504419421, -0.6150683509479542]","[0.04706375615440574, 0.04245379815535497, 0.027360610552794585, 0.030189137683507835, 0.026536317112099878, 0.024504433610163537, 0.02406256757475461, 0.016072385554562595, 0.017081371145418023, 0.06615732397942166, 0.08898164094055093, 0.17462119632686235, 0.38123857493444785, 0.27490155329142263, 0.2888145887040216, 0.34134635709948297, 0.2902021051321417, 0.17798420547839253, 0.11944253809686158, 0.06744294104846237, 0.13630359778991424, 0.4260302191765408, 0.1383329713949653, 0.22807375669419902, 0.20889087817069604]",-0.15680772184212108,1.9952170618694802,0.4958415438162869
