mean_samp,err_samp,mean_fit,err_fit,chi2dof
"[-0.017435952632713175, -0.015700893781298682, -0.01638544014936663, -0.01690024738286693, -0.016708991383805494, -0.016141459760054135, -0.017911636194425776, -0.020810896848899158, -0.02273967730917281, -0.021440732713974803, -0.021976019522231945, -0.022120941015479574, -0.02643966662802309]","[0.0022202866069741894, 0.002008980064067543, 0.002607474837639824, 0.0020685580362469315, 0.002079710725485769, 0.0019749324089876077, 0.0030694753053709016, 0.004702094370643085, 0.005847237152789737, 0.0046989809442698535, 0.004558038089812531, 0.004864303795528122, 0.007100303413985594]",-0.020215428048230843,0.14202872341923872,0.05486317152848691
