mean_samp,err_samp,mean_fit,err_fit,chi2dof
"[-0.015196794696377318, -0.013145773769617798, -0.012860103731264692, -0.014183023413895183]","[0.0016187096780921973, 0.0008110004536193699, 0.0008297548086115065, 0.0018881113713327651]",-0.011049311587251686,0.0003953556394313523,1.1048590666599576
