mean_samp,err_samp,mean_fit,err_fit,chi2dof
"[-0.34026965424246125, -0.34337058447538676, -0.3416841627563966, -0.34261533436549096, -0.3344967946253959, -0.32982821077339064, -0.3247864619182061, -0.3238933954000783, -0.32274355565714913, -0.3237185636849627, -0.3286085062839765, -0.32728296708465016, -0.325517885174766, -0.3264695514349713, -0.3301918078447777, -0.326922401129445, -0.3293929194042704]","[0.02061527346148501, 0.019658920149663292, 0.01772670470358969, 0.015107169904402907, 0.016600675570348656, 0.018011369697823118, 0.02293401656475851, 0.021505015581839246, 0.0188239145941047, 0.016328410908048235, 0.01495084771626264, 0.016002242026867612, 0.017284945716558062, 0.01893654697020428, 0.021975480046082005, 0.01878683775144311, 0.020566827083109432]",-0.4155558380219572,1.140494551726674,0.00412929507595276
