mean_samp,err_samp,mean_fit,err_fit,chi2dof
"[-0.09707220323166052, -0.10601942162595175, -0.11944601232876106, -0.1027334514128415, -0.14016062578873395, -0.15444671367825885, -0.1403517781363929, -0.1247340411891159, -0.14975382662137832, -0.1286721035763755, -0.1303795945058233, -0.14455902468913803, -0.14831970758461127, -0.3157616179302254, -0.23386508798340586, -0.1714394058258898, -0.13931495761597912]","[0.010712410715937355, 0.015992451943384653, 0.005990484539748679, 0.007624899055172856, 0.0142865294704112, 0.017383875806490857, 0.04363420347695846, 0.09825556298580707, 0.08390932152534407, 0.08460442788620551, 0.039972059600040986, 0.07534183052014518, 0.0459735691773174, 0.09370130982757588, 0.048088348177113265, 0.03356037450992988, 0.01656435542667699]",-0.16460431853274973,1.0140593801129312,0.06792947740326198
