mean_samp,err_samp,mean_fit,err_fit,chi2dof
"[-0.7283309619752606, -0.6814217445260933, -0.8656303576036141, -0.8698518296804227, -0.8867696083419182, -0.8315099747531991, -1.2424481155660614, -1.2182760652940383, -1.2261523107866785]","[0.09043502505217937, 0.0881766181853916, 0.10476526640024642, 0.15700664630153993, 0.22137902230189307, 0.1447294325474639, 0.39756875019576976, 0.33519571758249395, 0.3107174637342094]",-0.7943524376039944,0.042013162851597924,0.8540391937347216
