mean_samp,err_samp,mean_fit,err_fit,chi2dof
"[-0.042774582266553354, -0.044854874825336344, -0.047508984563832284, -0.05072546960399484, -0.05507380074239131, -0.05296938312631187, -0.05060766736185353]","[0.001765125824530739, 0.0023088135711799226, 0.003989717229428678, 0.005307122717904696, 0.009272968674856942, 0.006331034803513418, 0.004428486014225433]",-0.03717553395418122,0.0008931709741398915,0.6262031342009511
