mean_samp,err_samp,mean_fit,err_fit,chi2dof
"[-0.3312437858429276, -0.318689763751402, -0.3319154735713884, -0.3465576544736696, -0.3263722610309315, -0.3263770600275435, -0.354141538353057, -0.3669230687510945, -0.36107556671480323]","[0.03520048229704478, 0.03765759809274774, 0.03847004783778902, 0.04915768304611722, 0.04018188036363128, 0.03846270064909353, 0.03354906668056517, 0.043263233689529244, 0.0383379564333924]",-0.35970636673649425,0.4189686676004235,0.7193354454677431
