mean_samp,err_samp,mean_fit,err_fit,chi2dof
"[-1.1644422447644136, -1.2597608629120751, -1.2382231970632114, -1.240248690272373, -1.3231667127509614, -1.4899753802262692, -1.4825132033306938, -1.4666900805756726, -1.5168131247044474, -1.4582718537113726, -1.3060122105030916, -1.2704316358424212, -1.4405079337239997, -1.333613207397633, -1.2641255594447116, -1.2487712983562542, -1.3181165990366257, -1.3668308039493628, -1.3661052223546921, -1.4261307936955605, -1.4114701992015002, -1.8480503452015558, -1.504046917417493, -1.4120951603122964, -1.6590418801014435, -1.7557636874943001, -1.6729951405462555, -1.7500747255363611, -1.4379628689276898, -1.5447704960084356, -1.342629820948083, -1.3187544527910582, -1.5146809337819442]","[0.11336371697633438, 0.0875688518134074, 0.09893176331645921, 0.0789461399286331, 0.16142358699576229, 0.20568619197469776, 0.10683678023980668, 0.2091997111203723, 0.20301963774851528, 0.17206224951040633, 0.08121711625384408, 0.06489805039423117, 0.1042964495854576, 0.1108434132737371, 0.06123759390999604, 0.042036053982588445, 0.06357736261046627, 0.07172468142692383, 0.07679801072462111, 0.10023496617615862, 0.07403281094026891, 0.2824381111039495, 0.09975619955003977, 0.05545453301330819, 0.10622096578814552, 0.19581251645394535, 0.1401261314130427, 0.22646753228749397, 0.06447379337059578, 0.06813815162166886, 0.14653738093403398, 0.18262683155215867, 0.15290306694141675]",-1.4092621078302145,4.055165894219382,0.04327466774831178
