mean_samp,err_samp,mean_fit,err_fit,chi2dof
"[-0.11119060052003552, -0.12825291691474494, -0.10555619173999013]","[0.00714387395960864, 0.01340333301071852, 0.003992518037076502]",-0.10457911249233043,0.0014424953900800338,1.0471038223271942
