mean_samp,err_samp,mean_fit,err_fit,chi2dof
"[-0.050043509342078886, -0.05078385396367866, -0.2729344409462635, -0.07643144323677471]","[0.005327944812473927, 0.00611410971798321, 0.12362775272669242, 0.01936107892968746]",-0.05644361381835467,0.002604134705522174,1.1457696180814698
