mean_samp,err_samp,mean_fit,err_fit,chi2dof
"[-0.08280754522454788, -0.08019508592693571, -0.08035083684326275, -0.08350419607609992, -0.08577857641364599, -0.08358545389715065, -0.08701039245432102, -0.08628316890714788, -0.08665155253149831, -0.09073765987040114, -0.08918061849320978, -0.09057711281957799, -0.09574975577729664, -0.09544522957031591, -0.0877063669265769, -0.08988542048437961, -0.09161718348758115]","[0.004819879901333044, 0.0031898369272922327, 0.00429210180211323, 0.004457333732584599, 0.004017718328637908, 0.0028579213185339603, 0.0033653813514975604, 0.0028324845003886595, 0.0035754508349389513, 0.005150429790612657, 0.0034029351322434342, 0.004666065579642774, 0.008080535433401592, 0.006642397569293265, 0.003060841566723073, 0.0033722758730963956, 0.004901699841357709]",-0.08127716505903707,0.0005823229635617607,1.125517413563799
