mean_samp,err_samp,mean_fit,err_fit,chi2dof
"[-6.166288143839683, -6.074286916995419, -5.7459011013315, -5.968489495004944, -6.329633724571243, -5.863702784099985, -6.736370830543179, -5.660334284149341, -6.022498281788238, -5.747286301898189, -5.6021759524188175, -5.112313088023111, -4.993755838341359, -4.79767300646625, -4.7191343610658265, -4.608756178731977, -4.674057929141903]","[0.6097169380323724, 0.4844516516840548, 0.32736780629656703, 0.461344207792601, 0.6292705059350121, 0.4088057838597331, 0.641779526391178, 0.7934945073635074, 0.4067006665789036, 0.4228010207644889, 0.5199736527454057, 0.5484449109636099, 0.9953538326015791, 0.8729792750914389, 0.46314107591102166, 0.5326669614220256, 0.6306934757293]",-5.938932489115603,11.353455258550667,0.32799228658819063
