mean_samp,err_samp,mean_fit,err_fit,chi2dof
"[-0.5712008215665749, -0.581114208422119, -0.5405154144835882, -0.5580517094590243, -0.5942007787842464, -0.605872427866141, -0.5185073799748373, -0.5109429546599995, -0.5133172963131492]","[0.0612749457095119, 0.038910619634192796, 0.02862542505151105, 0.0433542898505714, 0.027945659966547635, 0.02780422913858763, 0.01752184822610527, 0.021718862199756925, 0.020001080142403108]",-0.562747995046059,0.004304734182553746,1.7017977732041503
