mean_samp,err_samp,mean_fit,err_fit,chi2dof
"[-3.298412216173737, -3.3176284800945126, -3.7503052540797666, -3.8873522033137733, -3.685599382639672, -3.9508914555447365, -4.087099137047162, -3.6901187361397167, -3.838660298197343, -3.7470624153600567, -3.8127767341162166, -3.7068116408911544, -3.7045735247625955, -3.4288868498621192, -3.43045453257137, -3.4498555695846513, -3.1835038632154036]","[0.358560920326486, 0.38490310112856574, 0.5709072938306547, 0.6346962044537657, 0.5423317266426281, 0.6480636885044234, 0.7087460167790229, 0.5239228987357193, 0.6007643593802716, 0.5640317831585595, 0.5806804020666881, 0.5671138196187753, 0.5421513216635216, 0.40864425991148967, 0.4205230554290643, 0.4249488462413514, 0.3134772914250692]",-3.4321370370520485,15.735816488770661,0.6300662707407125
