mean_samp,err_samp,mean_fit,err_fit,chi2dof
"[-0.09065760364532274, -0.0893252125493051, -0.09226826990538678, -0.09918115273872219, -0.09085250995261164, -0.08355755721386789, -0.08193250017156452, -0.08930732397210084, -0.09393890476533943]","[0.016386974915877883, 0.015660915400443842, 0.017873318903688366, 0.022296047500045452, 0.017764801213029903, 0.014055431186922226, 0.012549519564866501, 0.016513178506881172, 0.018549933902570093]",-0.03772036773416346,0.0006808640397429141,0.2839870578691006
