mean_samp,err_samp,mean_fit,err_fit,chi2dof
"[-0.7682304225748962, -0.7826184145475565, -0.7975299870928845, -0.7743466319135919, -0.8043649504258615, -0.846612073992331, -0.9252932904834992, -1.0103265000339858, -1.2513391678589179, -1.015349498839348, -0.8952176560848077, -0.9745525813453209, -0.8948903763484016, -0.9614229776426941, -0.962504422664117, -0.8770395238474582, -0.8673301952412121, -0.8810526267698731, -0.8636880692095238, -0.8410944609589704, -0.9080723851565736, -0.9164761601907719, -0.7927220819706579, -0.9025479484065573, -0.8912725206004092, -0.8899295998096457, -0.8673211136974711, -0.8431621885510161, -0.8855881340732261, -0.8062800092589836, -0.8011506789534008, -0.7863554145712993, -0.7140843288155282]","[0.18183870093051685, 0.12507428303416984, 0.10747002129142852, 0.10970560470108046, 0.11393272886679684, 0.09546837113248881, 0.0822696788855827, 0.08927367682034913, 0.14187509843592397, 0.09393719535460786, 0.09982340299611524, 0.11926275653736278, 0.09970286324466159, 0.12920953271791372, 0.10682026704353496, 0.07635254888501594, 0.06545547456234167, 0.04478668858102423, 0.0464532881067177, 0.011316766907329554, 0.062455545581723934, 0.09155845477246054, 0.03767598396272124, 0.08454954062768434, 0.08564781492511639, 0.09383812215617134, 0.07105901112069836, 0.061910524466694, 0.07752834124952986, 0.05312612983507776, 0.03974593924164629, 0.03620539382319032, 0.03681011434739483]",-1.0099617193055952,4.299757253202462,0.04865241248756582
