mean_samp,err_samp,mean_fit,err_fit,chi2dof
"[-1.115345890852051, -1.1216809200701956, -1.376699121340149, -1.277725730386754, -1.18154792394799, -1.214232504963862, -1.365139149425326, -1.0836510027451567, -1.0347364991633463, -1.130849603438672, -1.1250825891970317, -1.0208229218548772, -1.008666300552624, -0.9904982351641666, -0.8934840307790333, -0.7550570600845382, -0.9344683685206563, -0.992319246044361, -1.0866465200981013, -0.8677178712488799, -0.7466612292944471, -0.786163087357816, -0.6550832394599072, -0.6155732944608713, -0.6310934637653535, -0.6892567426227314, -0.6610714144356329, -0.6668226413705292, -0.5548287803954424, -0.5864862963304044, -0.5604202052959302, -0.5187058645956254, -0.5459955501542008]","[0.275726368423667, 0.2746896719421723, 0.3979178085573748, 0.352453335211939, 0.306850644593212, 0.31650894034209914, 0.3853025372536058, 0.2556046522267897, 0.22708774404074003, 0.2666614824606985, 0.2705208658950264, 0.24890365254987612, 0.21103667649783345, 0.20602772224015403, 0.15307955104817172, 0.09906900382080543, 0.15737960542614096, 0.1771547059488745, 0.22386496605495823, 0.1186398672504258, 0.06553010146671572, 0.10519199593506046, 0.047509640286523075, 0.03174161683660417, 0.04425637972786019, 0.07366823929048423, 0.0564362846218448, 0.08527645354143697, 0.07183265078965521, 0.07753596023806966, 0.1030561533878804, 0.08094906212952203, 0.07727416066782346]",-0.8296464315799189,4.906358628544694,0.06334831576927424
