mean_samp,err_samp,mean_fit,err_fit,chi2dof
"[-0.060257032795297975, -0.06472021140187108, -0.07103250814713523, -0.07656657215092541, -0.0794099071450521, -0.07660408543211336, -0.07252219465377564, -0.07462916292279072]","[0.0031938454860233473, 0.005255252306043503, 0.008111391908175784, 0.009120783757081063, 0.009116711825884007, 0.005924626421279108, 0.004272396358440206, 0.004610204875487438]",-0.07381864358527443,0.002707371237228562,0.2079148201446323
