mean_samp,err_samp,mean_fit,err_fit,chi2dof
"[-0.545054006480708, -0.559518011852166, -0.4298426519351667, -0.4049590355599774, -0.39804181058570587, -0.5278670469960187, -0.46205493460521235, -0.4140204783159826, -0.4226581327083794, -0.4177797994737941, -0.38570901861631385, -0.38769684043983793, -0.44565908666577836, -0.47774202352490336, -0.36784362261467163, -0.397085633535633, -0.4176942614061238]","[0.08437752820116555, 0.08661849139216202, 0.06369811653181107, 0.05240498245821159, 0.11603768745367762, 0.1525594383272719, 0.10112172881381508, 0.06373600362581329, 0.07129480806871148, 0.08880887400830398, 0.037968086595205196, 0.07588255606396438, 0.07255431334523273, 0.19096658165523842, 0.07024305430274215, 0.07274197305593379, 0.0640801310088118]",-0.4152078332154225,4.145240293572554,0.12103473041569127
