mean_samp,err_samp,mean_fit,err_fit,chi2dof
"[-0.011050830577551738, -0.011147134907832324, -0.011203557079859651, -0.011300118276290818, -0.01104297746485795, -0.0112279776482562, -0.011199177435885412]","[0.0005414572326396078, 0.0005290589025320208, 0.00046728896038002556, 0.0005044602997539602, 0.0004483054780151201, 0.0004570351149060056, 0.00044272185456279735]",-0.010234659060453198,0.00024653780849615687,0.5032462174910858
