mean_samp,err_samp,mean_fit,err_fit,chi2dof
"[-0.7520273717420647, -0.7074244832047132, -0.6123257674664814, -0.5936177198359134, -0.5992971066883352, -0.6584652865463588, -0.7491744257413807, -0.7308737540689332, -0.6251668371648954]","[0.05768311344440839, 0.0479889309570012, 0.0414573155543362, 0.04828101045651875, 0.037379458615283086, 0.023062899219427252, 0.05982090341443866, 0.05293593937183766, 0.02387072829852325]",-0.7948179035524947,1.1855722660579056,0.02652604238090199
