mean_samp,err_samp,mean_fit,err_fit,chi2dof
"[-0.042436829589694074, -0.04264381668575575, -0.03897791053246234, -0.040912780199411664, -0.04546340823480333, -0.056708166398635046, -0.05095310102151576, -0.06395464783784835, -0.05532099474717684]","[0.014357530267066527, 0.014100845250775491, 0.010651180190148423, 0.007913379290627456, 0.012567278486569673, 0.017869855924527226, 0.014661277922392118, 0.023286927473785336, 0.01578199009738556]",-0.041095396671110944,0.0004945411045577739,1.2623244184001987
