mean_samp,err_samp,mean_fit,err_fit,chi2dof
"[-0.05823237028386361, -0.05695583720347383, -0.058655500512946344, -0.05957955142088101, -0.05885385773498395, -0.05943851114465423, -0.06098056721745732, -0.060015170236853065, -0.062202325550440835]","[0.003316098179507134, 0.002685001337361512, 0.0033773659836923734, 0.003813985886711446, 0.002818596411072723, 0.0030344027927104644, 0.0036519207246988807, 0.0034173403713635806, 0.004186579360152229]",-0.04584322875565822,0.0007404031688587432,0.5710678426285926
