mean_samp,err_samp,mean_fit,err_fit,chi2dof
"[-0.11106376277827552, -0.11020165556024203, -0.10740954642806899, -0.10725336413731965, -0.10686895585673879, -0.10942252624717062, -0.10562047545873685, -0.10719237100437232, -0.10455397079113421]","[0.00822995983152823, 0.007848670736722194, 0.005417293729322149, 0.0039785442281040076, 0.003916545853642961, 0.004164985240072999, 0.0036956227227327933, 0.004366947420371227, 0.0033417389996914623]",-0.10379301690323081,0.0005827126007150986,0.9243450769305227
