mean_samp,err_samp,mean_fit,err_fit,chi2dof
"[-0.09738276994008763, -0.08383955117190614, -0.07864918531009929, -0.07200195521631213, -0.06787237178215766, -0.06809431910315131, -0.0685216926249643, -0.06334849819973273, -0.06293182490714352, -0.058229583824363766, -0.05944118920010109, -0.06199514463537126, -0.0652840824701223, -0.06376669619427612, -0.056014389010676145, -0.057644633118438884, -0.05414002638057032, -0.054244294103511836, -0.052004817832080025, -0.05197246604266784, -0.051435487581591194, -0.0541371577910326, -0.057572711746035676, -0.05678793093353772, -0.056069072363933325]","[0.02545276392996172, 0.019439563566924774, 0.017448749445800302, 0.013930829545606377, 0.011998922894193029, 0.012689284136820085, 0.012930633386041033, 0.010568012470109295, 0.010447000734346635, 0.008434899904419008, 0.008648161797369555, 0.009831668984839234, 0.010892586512607388, 0.0104423795468174, 0.006737672864430634, 0.0075196426026047656, 0.006217527573037949, 0.006415299528089007, 0.0055209212897562926, 0.005647885088383517, 0.005419197866175001, 0.006510267978650091, 0.007790322061024272, 0.007325790979110221, 0.007166549500864837]",-0.05798889427185264,0.34060456396339034,0.00033529327399150973
