mean_samp,err_samp,mean_fit,err_fit,chi2dof
"[-0.010387422678704107, -0.009964533529563556, -0.009545204350280617, -0.009477367951943852]","[0.0011473369351504867, 0.0008179170791504648, 0.0009810330024848345, 0.0009813178599990522]",-0.010208197142563689,0.0003194051957698313,0.4441269547404387
