mean_samp,err_samp,mean_fit,err_fit,chi2dof
"[-0.8178901926983713, -0.8572937166643224, -0.8054404678365928, -0.88635734801072, -1.1726656677996765, -1.1614746456798817, -0.9131662571354033, -0.8150812281412695]","[0.06748909703511835, 0.08204869533811275, 0.06743275822005383, 0.06462747432684282, 0.12191324406865153, 0.18767394977805535, 0.10429150123466308, 0.04444501310378498]",-0.9046279120304255,0.02889118775726421,1.8080525244649528
