mean_samp,err_samp,mean_fit,err_fit,chi2dof
"[-0.03447669567149341, -1.0481252511408863, -0.18224404922521092, -1.0065402900907066, -0.5518132348288147, -0.27068752443633864, -0.3260029980646283, -0.9215277672819167, -0.15251115667332008, -1.6632531416299832, -1.5424991695977455, -1.2924499767036222, -1.1133903668244278, -0.5572494745513553, -2.0408227282155695, -1.8836441306969463, -1.983459576475534, -1.7506382624761994, -0.653981888022969, -1.566046605751433, -1.768548825322373, -1.6240218176929087, -2.047883796646886, -0.1797103120565632, -0.09203069921560061]","[0.08913372880559166, 0.38956671764441686, 0.0850728004926547, 0.3618117521886459, 0.27798059398058367, 0.4227364861134221, 0.346628375056681, 0.3092126006591744, 0.18079445086079396, 0.5399830136404954, 0.4519470319227898, 0.28105813549766606, 0.2652994692604588, 0.2484136257564544, 0.7874123837441929, 0.7265473242236041, 0.8659532295898145, 0.7098760755247047, 0.2659980663749502, 0.7324075820564069, 0.8034293731098804, 0.6656901867145127, 0.704121702892634, 0.24588120466492827, 0.2863293289081613]",-0.4657865942612068,12.139411724432575,0.3427100527907495
