mean_samp,err_samp,mean_fit,err_fit,chi2dof
"[-0.18020108842561777, -0.1872878163682814, -0.19353792626332875, -0.18517460904101396, -0.19278323185316265]","[0.007492674197300824, 0.026095592692024806, 0.011086635860717271, 0.035265338509467975, 0.018325833038346208]",-0.19308389138938792,0.0064761848907326615,0.6667545359008942
