mean_samp,err_samp,mean_fit,err_fit,chi2dof
"[-0.1941614947773715, -0.20149112994649193, -0.20954023658184878, -0.21364679965345446, -0.21290503862703875, -0.21132259304676534, -0.1993706257781982, -0.22575147829582193, -0.20623308649036293, -0.19155075176217484, -0.19129763101597932, -0.1946975636827517, -0.20669539522651809, -0.19442320370275695, -0.17749642411608169, -0.18045475798450217, -0.19153046570540685, -0.20145209640981193, -0.19819480151315227, -0.18968610352604648, -0.18261838187821458, -0.18128273496718555, -0.17294008011578993, -0.1753354922791486, -0.1887126114129687, -0.18938557636916187, -0.18636235320704, -0.18340803167425165, -0.18123027516893087, -0.18539480421330712, -0.1688249108302814, -0.17112234973400578, -0.17907320065638271]","[0.014423139508168883, 0.010934756205902304, 0.008775203386916713, 0.011996673672683386, 0.013521230819584378, 0.01306309070808992, 0.009810995455600015, 0.025950987173879808, 0.015171271749917331, 0.010009103967840643, 0.01183736267466313, 0.012825710022186238, 0.015874869629471502, 0.010948854548692937, 0.013527000802965414, 0.014205820635336718, 0.011324200835362794, 0.014911461248541326, 0.013453543368105935, 0.010722366936671128, 0.00821068279033706, 0.007922361181664003, 0.009364629347976515, 0.0073614218789523535, 0.008923234149620537, 0.011937038038960443, 0.009999169687339998, 0.011785269996798069, 0.009670994136356574, 0.012629618248834594, 0.009187669260060628, 0.011160965582925453, 0.00822316816857162]",-0.23139417078101293,0.9559400248760512,0.00351469846955968
