mean_samp,err_samp,mean_fit,err_fit,chi2dof
"[-0.0947979985771287, -0.13037585777415706, -0.09704274205217747, -0.09303564134468552, -0.08549968040134753, -0.08867444716703785, -0.0939446310567064, -0.09520151465918467]","[0.006463955903843406, 0.04241039664627159, 0.009045472016968117, 0.00617366540326533, 0.004289522867646121, 0.004132645694708238, 0.005032545575913579, 0.007494491362291125]",-0.08856930658810462,0.0035277968277720017,0.8572780787583562
