mean_samp,err_samp,mean_fit,err_fit,chi2dof
"[-0.07419263025786949, -0.13617041564538504, -0.05639433853497755, -0.06655398813831434, -0.04904690855214516, -0.050303877580226704]","[0.021990183443957416, 0.04957828899896384, 0.01133958787038369, 0.015353483103207647, 0.007244772075777169, 0.009988651237884363]",-0.033487569635159614,0.011240544325398113,0.6226034118518592
