mean_samp,err_samp,mean_fit,err_fit,chi2dof
"[-0.028378155129394417, -0.02667876042966742, -0.03295878292369756, -0.031358719509185895, -0.030094599104392116, -0.04723864834339803, -0.153462526631386, -0.06812492626768483, -0.10099159279895069, -0.07140926088279564, -0.07319429763300742, -0.04938038788491191, -0.04545157996221037]","[0.009630325596857557, 0.007811570066029158, 0.012135103227251231, 0.011147155195308806, 0.010147847155204778, 0.02281540515475012, 0.1004293956704071, 0.033760504533113675, 0.05345062324258747, 0.032989820434469505, 0.03250087097108432, 0.017651229832009462, 0.014752291167703853]",-0.03910379710551243,0.0006924600553969121,0.9761629709924087
