mean_samp,err_samp,mean_fit,err_fit,chi2dof
"[-0.07639746939898584, -0.07565989309836918, -0.07734909125446032, -0.07724016417524812, -0.07652333769467749, -0.07701017069330245, -0.07706992071020777, -0.07611719789132385, -0.07790828769203642]","[0.001529224527766272, 0.0014224487250907413, 0.0014938906327211106, 0.0016207664700115141, 0.0015637673771552358, 0.001600981817525831, 0.0016436719149707907, 0.0013443188136940479, 0.001689201081895375]",-0.07202020824386474,0.0006719208596575945,1.5056574795570703
