mean_samp,err_samp,mean_fit,err_fit,chi2dof
"[-0.2624664014029511, -0.26079770835952126, -1.924224944823929, -0.5119013759207984, -0.2206554135354262, -0.2895729823401454, -0.24439422765426053, -0.43217061933426865, -0.42643218144358164, -0.48330976473997783, -1.2841268628173816, -0.3646126836853397, -0.16832792073575162]","[0.029929053711247603, 0.032270198159684106, 0.8321103948012136, 0.12213591042829443, 0.013141338104063434, 0.017824788019489855, 0.027193936457534196, 0.10054695415772712, 0.10729039155805732, 0.10773877191224586, 0.5266238525976116, 0.07045265714299656, 0.027807666201938436]",-0.24590041078572814,0.002557655443389724,1.4443696932153816
