mean_samp,err_samp,mean_fit,err_fit,chi2dof
"[-0.30092474715204615, -0.2961017305281561, -0.2560002174902246, -0.23919199023674825, -0.2239970453455548, -0.25258942743841495, -0.2263358928743511, -0.3506468467816957, -0.41424850576868344, -0.3003110474501795, -0.24477462844226056, -0.2428726345871641, -0.2381833698570041, -0.34695843300548845, -0.3249686336104357, -0.25319854684393894, -0.28248487809713957]","[0.04016840926492617, 0.04269319120831739, 0.019921390647614567, 0.03052629635705097, 0.04847645931345256, 0.05804963008915646, 0.029092218138341085, 0.1118691938462297, 0.13167281854083968, 0.041697877137567695, 0.012547524781382175, 0.013623324370124647, 0.021991676321847564, 0.08885496139383371, 0.06818871278897784, 0.030404695148336228, 0.03427366619889041]",-0.3948576444624934,6.952502512333198,0.35548704965473715
