mean_samp,err_samp,mean_fit,err_fit,chi2dof
"[-0.04005589876659709, -0.04132618963581627, -0.03789285801253681, -0.03798050676102025, -0.036830597952375865, -0.03735653730819813, -0.039318102207888665, -0.03910174012562121, -0.038260405569843815]","[0.005316552238662497, 0.0056183929906041515, 0.004565510686420304, 0.004432382967427787, 0.003791914466843519, 0.0038174405059555063, 0.005100125445332179, 0.0061495828816591, 0.005454952653382027]",-0.017965300209137416,0.00087030776956405,0.7094834135227281
