mean_samp,err_samp,mean_fit,err_fit,chi2dof
"[-0.1871857327857083, -0.18839827614751165, -0.19670120180334313, -0.179741835184472, -0.15468951628959615, -0.16952819983053288, -0.16813737088426772, -0.13890757226002026, -0.1629153632335501]","[0.02477349718635851, 0.024146358886739806, 0.020934686288316868, 0.010970463699285046, 0.010723596409436908, 0.020023521329367633, 0.019891350949574154, 0.020726072446132695, 0.023986838164128554]",-0.15659015300442214,0.002447803627109214,1.0673447645519547
