mean_samp,err_samp,mean_fit,err_fit,chi2dof
"[-0.014237391006964266, -0.013997122894263029, -0.013748855542791953, -0.013726278663675168, -0.013689918157901299, -0.013473114347193841, -0.013372878280804391]","[0.0012023933401501274, 0.0010155290536289871, 0.0008935251131635428, 0.0008735023486439011, 0.0008899598230809497, 0.0007718208358567926, 0.000837587506053694]",-0.01121294395880595,0.0002507547568192862,0.3051962837987518
