mean_samp,err_samp,mean_fit,err_fit,chi2dof
"[-1.3023472247870505, -1.1487784699508012, -0.9372820919010045, -0.7490706151451615, -0.7727074468104954, -0.8809874771937074, -0.8757458274158854, -0.6724053691022743, -0.6211381293738565, -0.6175480640995875, -0.5364793312545781, -0.5688890461040753, -0.6248448410691665, -0.6137263678673571, -0.749127088577199, -0.6749680840039568, -0.69329260590852, -0.7272276284959268, -0.6734648575820529, -0.7597986783538541, -0.6297946104185802, -0.4972359211479614, -0.5071131884145359, -0.5294771602028379, -0.48209834173704647, -0.510400427591623, -0.47986650042984824, -0.5342688086828958, -0.4735517584687104, -0.589081629417297, -0.5758291273732506, -0.6250484851975168, -0.6942029146225122]","[0.3398576018626668, 0.2552554588923946, 0.28445319690934473, 0.4076078451352682, 0.6677595038943756, 0.3491655222530005, 0.20046047481266957, 0.10482805159184778, 0.10324254557044157, 0.08839705344136263, 0.08501450727955612, 0.10606836983605948, 0.2744334398917373, 0.162824306813819, 0.187633074719106, 0.11281190445773544, 0.12555410120125898, 0.13357101958825562, 0.15028558977503925, 0.14410638964503486, 0.09795984444978406, 0.13476154628343076, 0.13176781353599282, 0.1095007003938963, 0.12128190015865148, 0.1354908034480179, 0.103980518915525, 0.25934362008363876, 0.173882828546703, 0.3929893343904609, 0.2775086778357136, 0.22731595473943636, 0.214744875497125]",-0.7581349197643404,6.2809198822298296,0.10381569944595004
