mean_samp,err_samp,mean_fit,err_fit,chi2dof
"[-0.07211423656472195, -0.06750529070243398, -0.058466966185338254, -0.0829303951077486]","[0.009515799316601778, 0.004658292112328185, 0.008836693569519575, 0.0145813492668205]",-0.06610337366594043,0.0010778988649229858,1.404125997943979
