mean_samp,err_samp,mean_fit,err_fit,chi2dof
"[-1.7211314994475997, -1.207496303461625, -0.8918644348527337, -1.0361022277621816, -0.8151406529693155, -0.709188967583715, -0.7332638256700369, -0.8016050162600896, -0.6939083811852012, -0.6617627525272319, -0.6826431459755529, -0.6703373303442709, -0.667839590784464, -0.6848310563230441, -0.6714103682257768, -0.6792592351854763, -0.7515404007762759]","[0.4285976229728681, 0.16173997561333392, 0.05682927555372018, 0.11271010301644761, 0.05525494244663206, 0.13010335574853973, 0.07941847261807908, 0.06788397407625776, 0.15675574526984107, 0.12208184559936118, 0.09538536662822303, 0.06989302545297667, 0.11322046629473956, 0.13530546291806314, 0.16210567635021597, 0.13060912871944358, 0.2141586379310289]",-0.9839601013666646,2.0798937000025925,0.06761486916148675
