mean_samp,err_samp,mean_fit,err_fit,chi2dof
"[-1.2777206111888353, -1.404590827493227, -1.279638190358475, -1.1643274219905138, -1.2925619565507085, -1.2733584072104507, -1.4389603831908446, -1.3619549670673932, -1.2771381295254611, -1.2846983965781096, -1.2254770162941924, -1.0794432866298809, -1.1283261652412178, -1.0387056240961796, -1.0378436213416593, -1.2191519634897887, -1.2736593574994737, -1.8471991029581003, -1.6097203601035124, -1.675563883939247, -1.2709976713757312, -1.3400892381483753, -1.2248771636336648, -1.1538234061484796, -1.1117221714299201, -1.156802037482168, -1.032833160159413, -1.0566369937016802, -1.2029808817559307, -1.0738167643423215, -1.0760582861500987, -1.0677869886976907, -1.0670497392526481]","[0.2999413505514239, 0.35615993873456975, 0.3067025087450848, 0.2436638914203194, 0.3032279471605816, 0.2973789330069595, 0.35777948416742666, 0.32490546443928753, 0.27906905214520655, 0.2789858888805364, 0.2559170039499534, 0.18691265219742983, 0.20818487319612877, 0.17420924208039876, 0.1735976389181216, 0.25549310895829075, 0.28418525334257305, 0.5538033634220805, 0.4315811932517602, 0.45151432131252545, 0.27716829625031403, 0.3132735946476375, 0.2605315462829375, 0.22512249218739863, 0.20385135033356297, 0.2264311522612971, 0.17032743673105058, 0.17857418441157563, 0.24043297627942514, 0.1858168431011445, 0.18791452773726422, 0.1835677465504369, 0.18978859817425645]",-0.9039658198235675,4.504710020968614,0.053401106016797255
