mean_samp,err_samp,mean_fit,err_fit,chi2dof
"[-0.8354823314900884, -0.846825688709772, -0.8089558885460928, -0.8426996343048073, -0.7673707321508628, -0.8371926088407593, -0.9552496897661907, -1.034919803651617, -0.8653307282137643, -0.7629932051958692, -0.6920871891777841, -0.7298225557374782, -0.6973383556195375, -0.7131073988390684, -0.7532219729064195, -0.78746369813527, -0.8298847480054463]","[0.09872789387594656, 0.11672522086390287, 0.09502768337349603, 0.09003224896130861, 0.05074596216392758, 0.04907396044263466, 0.08991948683661846, 0.1310199654565044, 0.06251907850755482, 0.02854726298783437, 0.04514030136192681, 0.04065293219429832, 0.0854923689339618, 0.11298066657755598, 0.08968593579454122, 0.0557439832948804, 0.05634805683276156]",-0.9239373326229079,1.7193631212920326,0.025057482870758898
