mean_samp,err_samp,mean_fit,err_fit,chi2dof
"[-0.35932179898177036, -0.44588014563212114, -0.22476178155511048, -0.22043702659703363, -0.16499581969967048, -0.1867728721680386, -0.1655158595739313, -0.1770215213715856, -0.17870885854983223, -0.17486868719366705, -0.1645795272759296, -0.21917546760290282, -0.18900277136166396]","[0.06322518678368456, 0.16086248906347617, 0.03879258365173892, 0.05151753427927399, 0.009468002439318023, 0.031580917190473234, 0.020866354532978054, 0.023912137582135302, 0.020781062922533344, 0.020234882821211695, 0.011058667070143998, 0.06289009316157498, 0.02760725727784247]",-0.22244285735267583,0.0015715426406650906,1.655532757962057
