mean_samp,err_samp,mean_fit,err_fit,chi2dof
"[-0.08520467234079071, -0.08486785788313135, -0.08167988256292355, -0.08530508549764734, -0.08540968591463279, -0.08360274316095972, -0.08499908803133845, -0.08699528411922283, -0.0839457501199834]","[0.007214807974612218, 0.0071229818733808, 0.005312022491417729, 0.006287041495396032, 0.006848619579132003, 0.006365117783833264, 0.007348253668854664, 0.007074699449187739, 0.006048837691455358]",-0.07244150732342351,0.0009392098265363427,0.5526015258555007
