mean_samp,err_samp,mean_fit,err_fit,chi2dof
"[-0.03286639064436395, -0.03413504123580567, -0.031277000554846286, -0.02987795465728094, -0.030887564626103977, -0.031460128417948444, -0.03529043474196463, -0.036031823087999466, -0.039341264444401086]","[0.003105890646275903, 0.0032058648526490947, 0.0018678349630963829, 0.001090131811389573, 0.0014802058363472777, 0.002270914413906021, 0.0036576345396659945, 0.0034473165925103734, 0.004014722637343606]",-0.034302819175974775,0.0026508184316862515,0.46227816221557555
