mean_samp,err_samp,mean_fit,err_fit,chi2dof
"[-0.009369667272839452, -0.004030826544097642, -0.011079805409521092, -0.20302102771245847, -0.05773729344697419, -0.13619107174623704, -0.16601669153515045, -0.7648734795567321, -0.08010831517978116, -0.01508357147915692, -0.21924248496377252, -0.24538878650359638, -0.28500446166291055, -0.3491960102372751, -0.31829287392948075, -0.2878025136705357, -0.5314120009624802, -1.0085048100752254, -1.2910484032595932, -1.2961605129928973, -1.446746330025486, -1.7284982020629907, -1.0795252067150702, -0.3224824777719517, -0.22724737819559038]","[0.31163729265449014, 0.17952031833188217, 0.2814465909739427, 0.12309121457576784, 0.15344583973366632, 0.12290242418212667, 0.04283130376761153, 0.34116648393834953, 0.1379753623722009, 0.18690064971009193, 0.030880119670376814, 0.10111751145741829, 0.28597672855179784, 0.13096858958074886, 0.04669492144127802, 0.17576260951489897, 0.06829979850101993, 0.34517389414207106, 0.43480318938832346, 0.48129685654137605, 0.5538233670614031, 0.6872780859435563, 0.46199105371835325, 0.1378915031482966, 0.19557229809961518]",-0.32410529715981384,12.774558931376538,0.37951014256142074
