mean_samp,err_samp,mean_fit,err_fit,chi2dof
"[-0.014980934989414328, -0.01514255284313573, -0.014483214821689622, -0.014261660037021746, -0.014170965206347764, -0.014062527160112822, -0.015114056618607105]","[0.0019424639505535972, 0.0019943962709950813, 0.001438353732907356, 0.0012552596711768102, 0.0012842232889007461, 0.0013365144427182486, 0.0019539943521201144]",-0.009614121574888097,0.0002554790237406771,0.5151906406418278
