mean_samp,err_samp,mean_fit,err_fit,chi2dof
"[-0.06474542541701739, -0.07764370260137118, -0.06868901257629455, -0.0833171170424997, -0.10873042802329054, -0.07862454654440056, -0.08326690926148964]","[0.004355629437247382, 0.007340185687176585, 0.007241610703014606, 0.010999282949002206, 0.031086589656991476, 0.00857645497841273, 0.015094847540808958]",-0.06933208527372876,0.0018432266969534428,1.252047572489462
