mean_samp,err_samp,mean_fit,err_fit,chi2dof
"[-0.266543820967199, -0.2242493219622062, -0.21856035924251066, -0.20817990406692496, -0.2024369113034201, -0.18189266010689029, -0.17053271695249425, -0.16671602662767637, -0.16818532552447182, -0.15746940112386598, -0.16467427414298583, -0.1632950241717097, -0.1555521960877202, -0.1564430691264596, -0.16132282478667212, -0.1807001927071498, -0.19891417366760653, -0.21723314610201402, -0.2326575544787935, -0.26289386251624525, -0.358411966010735, -0.5156141516713666, -0.3376235699362287, -0.27366531401976374, -0.23437905808703377, -0.21784399983523772, -0.22551021510421398, -0.21696489757770548, -0.24580415520167812, -0.2292720346780255, -0.23392514834439349, -0.24056740906767987, -0.29234769579780046]","[0.025746803885940604, 0.018559148418769073, 0.036529865588541856, 0.020859577300473373, 0.03875687149616346, 0.029269185965831557, 0.05346624427807964, 0.07259917888649936, 0.06619231241160416, 0.08840990212519986, 0.048274663002292335, 0.046559888509986005, 0.05493130625703789, 0.08582916800487732, 0.37009357906031903, 0.3315103499212334, 0.04445426056073497, 0.03336197313672059, 0.01008718930439453, 0.010926035590381718, 0.04635282357442727, 0.1102465503144667, 0.039800786495609045, 0.01912949252585547, 0.018803871632174746, 0.018019582872564492, 0.03383776076271356, 0.009067346168591154, 0.014100710328931246, 0.03218445350189863, 0.026453520208134254, 0.05409387746658839, 0.03851336049528941]",-0.3322533057852926,3.8710163133224684,0.10703411702035713
