mean_samp,err_samp,mean_fit,err_fit,chi2dof
"[-1.6977842904391973, -1.503716095299661, -1.3625594429269068, -1.150443849019526, -1.1081413833608182, -1.043967442489413, -1.048469354633074, -0.9426074014259531, -1.2253535777999673]","[0.39400992036029037, 0.20403968200857986, 0.21506055507200686, 0.07889227144793622, 0.1003472032723259, 0.04450404902410775, 0.04714422628101126, 0.025768903154982613, 0.039951030516079934]",-1.0646756562153765,0.004708891104266732,2.0223327848265398
