mean_samp,err_samp,mean_fit,err_fit,chi2dof
"[-0.13749301901451672, -0.10029879016897364, -0.12535508519897537, -0.10543552119197867, -0.07070584236115518, -0.0822922989060971, -0.08386828976069216, -0.044854431940854624, -0.015454942121478311, -0.03559567326471643, -0.025233215844273123, -0.03395478225415054, -0.019024470213902012, -0.07627426998117276, -0.031958411390829514, -0.06152963042418714, -0.059142678879105154, -0.053373653191243146, -0.06323419559181105, -0.07402856193625326, -0.02766669929989518, -0.05877966055516299, -0.05529530997913357, -0.05299619209708774, -0.03548580183133634]","[0.056966023614511266, 0.03891693107974436, 0.04834699247098878, 0.030488096189582613, 0.019299613559958254, 0.051531525534712255, 0.025070237304392493, 0.027248466105709208, 0.033533418963941845, 0.09395899371601947, 0.027466336471951385, 0.016900302988163196, 0.02706597729712325, 0.052438379113027324, 0.032061653725988716, 0.030451795215229546, 0.02731135641347018, 0.03614817742454584, 0.018569078624365312, 0.03088369579550983, 0.03316023912002069, 0.057544524019807544, 0.03410847235148929, 0.011250248626993021, 0.010756816740347624]",-0.07122613186142006,0.7288053604870293,0.0029840297244907274
