mean_samp,err_samp,mean_fit,err_fit,chi2dof
"[-0.7881832720456169, -0.8494361053204722, -0.8676400957189696, -0.8526484844400681, -0.7838523981352096, -0.7427952574596716, -0.6839282308087398, -0.6527424417762681, -0.7581283549052982, -0.8238040975325072, -0.8199457198184051, -0.9001039923372945, -1.1065212014239874, -1.0904640685012659, -1.0588249604285025, -0.7714030296195465, -0.6652159519714569, -0.7174702578707984, -0.8276674614415174, -0.7964960276956733, -0.6883930675706775, -0.7287642027052271, -0.745120239094768, -0.691599534039854, -0.6447525347646474, -0.6672332437607038, -0.5358404840890115, -0.49020579752545884, -0.43227259899363857, -0.41412407332257256, -0.4182798280747322, -0.49134202711137687, -0.48539066329161396]","[0.2090162965721647, 0.19014828666370218, 0.07662040285931832, 0.06500984768989373, 0.07087400695839756, 0.06304432469298646, 0.051855012012801356, 0.05725391762602003, 0.0915798428110539, 0.13979759463895036, 0.16766532725847777, 0.16258944821628404, 0.2648974297464361, 0.2707959467411879, 0.290464456520011, 0.2815120217630216, 0.17848829318735637, 0.22792505674960312, 0.19202510425131306, 0.16007228066901372, 0.1123248554282889, 0.1290087958332756, 0.12789952652529735, 0.15836232615830073, 0.1850089005328879, 0.1646856011782059, 0.20023200082907322, 0.2789789588323526, 0.34590884737825034, 0.36459354953702383, 0.28031313011981357, 0.24188674991245737, 0.19028930306766584]",-0.8441152574323546,5.450986338195767,0.0781927859253691
