mean_samp,err_samp,mean_fit,err_fit,chi2dof
"[-0.02296235535361968, -0.022223651383867934, -0.02145873406209434, -0.021926391192170346, -0.02033136327482001, -0.018318472732967623, -0.019359746886308135]","[0.00439688348024707, 0.0038612175581184626, 0.003036382191025426, 0.0027262950298951394, 0.002232323260659546, 0.0014737454635629396, 0.0022491620193679264]",-0.016255939787827186,0.00021157162467937222,0.9690597652851749
