mean_samp,err_samp,mean_fit,err_fit,chi2dof
"[-0.6843060171166817, -0.7308892375140797, -0.7116090771570381, -0.7287822185669792, -0.7644026909821123, -0.7385266425950995, -0.7647620046943758, -0.7843404637580301, -0.7412144955253172, -0.6645614107182036, -0.6514607189552246, -0.6634039250686029, -0.6628342439691169, -0.6518721082128639, -0.6597858265023137, -0.6905111758953252, -0.7108620192598849, -0.6960923323700389, -0.6924679469572581, -0.6527451233883467, -0.6555311050468215, -0.6965713031788446, -0.6948286249558815, -0.7574800593139145, -0.6980141492487656, -0.6526346465252869, -0.7104595850244533, -0.8539566304808935, -0.8088434776438702, -0.7518439938845372, -0.7825778320448117, -0.7290767034377273, -0.65143441428823]","[0.13637304556368704, 0.04005825016675202, 0.061089037885589434, 0.37403110277258694, 0.3189560140217908, 0.4930917595794052, 0.7162009063754246, 0.1562142761252111, 0.7302532729515911, 0.33323471804848204, 0.19622483272462485, 0.16071973031379613, 0.19668137076461717, 0.15754120769675697, 0.15565849487721, 0.216982188283802, 0.14911651706716836, 0.07565749085993012, 0.17416761192715458, 0.12393498456461514, 0.0827990975761183, 0.02963833472698794, 0.03359632037199424, 0.04330149431159971, 0.03165778461954145, 0.03868277263490703, 0.07035128607927142, 0.10427420683505224, 0.07375046203144393, 0.11581616966292375, 0.15305395326355228, 0.10793089779263382, 0.33889906213628507]",-0.9507482931280964,4.962956467983791,0.06481826922836993
