mean_samp,err_samp,mean_fit,err_fit,chi2dof
"[-0.014898099626745664, -0.01462751017340103, -0.014598750925814348, -0.014803877259622785, -0.01476674834033821, -0.014853798782154372, -0.015341250321511594]","[0.0005903703100580514, 0.000518669305087669, 0.0005294847710880798, 0.000577091735022316, 0.000587636516811951, 0.0006044776950710567, 0.0007662076143912051]",-0.012598547858832347,0.00024256609815654005,0.6474309114131048
