mean_samp,err_samp,mean_fit,err_fit,chi2dof
"[-0.3707716450025868, -0.47279898716890983, -0.35934043257584286, -0.3424632917138189, -0.27768756657123206, -0.5773210796869657, -0.8092766249933224, -0.29082183022333635, -0.2883264173299324, -0.3055940413108161, -0.2765985021743773, -0.2676567048304551, -0.24396813657301447, -0.23188194704258316, -0.2528642824976211, -0.43195773790169717, -0.2831577113630597, -0.20639575536710034, -0.35765503761468315, -0.2436320195614138, -0.26919051681389267, -0.20705973277824674, -0.2096527149368377, -0.19153179551809163, -0.16722239571526076]","[0.10610837501334565, 0.15414366549124958, 0.10034154316383441, 0.09822563464579037, 0.06815120635250746, 0.20267056095387445, 0.31236341426025227, 0.07008515413106414, 0.065063926870063, 0.07976486862766025, 0.0627798825211977, 0.06577290304841506, 0.04755323001389605, 0.045452474675858924, 0.05470269854241085, 0.1430935474352369, 0.06960098611244903, 0.0396589726503683, 0.11068906827260311, 0.05588457918336695, 0.06389063623516553, 0.040021230538431214, 0.045748686548088405, 0.03619955694565224, 0.04294858061840632]",-0.1786487662295609,1.9482008550983836,0.008826713207243934
