mean_samp,err_samp,mean_fit,err_fit,chi2dof
"[-0.03998031552011733, -0.039377638444812665, -0.03832978924072875, -0.03875627341467026, -0.038143486399898764, -0.03750728011057028, -0.03837336194231844, -0.03803643695320772, -0.037855098575254785, -0.03739749715690348, -0.03687117571214896, -0.037753432818598706, -0.03800594823440066, -0.03804683140436228, -0.03841766218173383, -0.03773167088001772, -0.03878267307534099]","[0.004209981292783062, 0.0037448400101510117, 0.003446611010619308, 0.003837672960855848, 0.0037745302690329417, 0.0036866789084300205, 0.004031957312865847, 0.003766544952996954, 0.003596066694599517, 0.003218017445691774, 0.0028099037014339702, 0.003177047651726905, 0.0030139968943678026, 0.0032567792287687717, 0.0032753475386214227, 0.0030032186287186208, 0.0037310202198857782]",-0.024050704668186422,0.0005363737356277676,0.3435373848982685
