mean_samp,err_samp,mean_fit,err_fit,chi2dof
"[-0.05727711919413192, -0.05885452683936414, -0.06014642606227883, -0.05564486886801501]","[0.010284564768247089, 0.0049605761150598605, 0.004645931119531459, 0.004381589894176448]",-0.05177274286395002,0.0012231979222684837,0.8019837958904361
