mean_samp,err_samp,mean_fit,err_fit,chi2dof
"[-0.04445090639829035, -0.04444999544618463, -0.04439477507926277, -0.04449415094889182, -0.044626676224730155, -0.04482210005426186, -0.044509419993644106, -0.04508491335415393, -0.04572643855943545, -0.046126016476648095, -0.046185330866333106, -0.04617394362081102, -0.046367620223934494, -0.04644357688496368, -0.046068860032505723, -0.04681496111844841, -0.047154705765534446]","[0.002692980353138582, 0.002475140411882405, 0.0025207875374003196, 0.0025303976661972235, 0.0024522304951837, 0.0026122994585794537, 0.002421280099381399, 0.0026861812110299875, 0.0028408068422151734, 0.0029009467644389693, 0.0028492377398630342, 0.002765539094982891, 0.002866050245906751, 0.002845787267195519, 0.0026556203665142547, 0.002863617830049124, 0.0029724058345173316]",-0.03437426953612527,0.0009074537853144878,0.33496410917028313
