mean_samp,err_samp,mean_fit,err_fit,chi2dof
"[-0.5702167601600799, -0.5950121869962339, -0.5898332364277435, -0.5655379885346081, -0.500247335419537, -0.5046184503315548, -0.5943471274023078, -0.48666073855081393]","[0.020846768407697884, 0.020837220572003413, 0.021617357573706194, 0.018370320406691235, 0.030711011636718584, 0.04557645972167196, 0.04293453556361431, 0.01646894113407889]",-0.5380568242127852,0.015200040956215926,0.8430575133115917
