mean_samp,err_samp,mean_fit,err_fit,chi2dof
"[-0.061852502968504745, -0.06511937414653969, -0.06133077530821133, -0.09221833999622295, -0.08926331275631559, -0.07600973769604086, -0.059384781954468724]","[0.007356872902153714, 0.009712195798931287, 0.01090662941887267, 0.033600085433575365, 0.03192370430599218, 0.020509672852772835, 0.007866879137414894]",-0.04734183115455482,0.0023378810003376444,1.1793232390357284
