mean_samp,err_samp,mean_fit,err_fit,chi2dof
"[-0.18354517546187876, -0.18493118699484717, -0.18841794088492528, -0.20481939406901434, -0.21369935534540896, -0.21241535192632477, -0.22042042655374525, -0.23169085507707607, -0.21033341554590412, -0.2287548821634227, -0.22204632068875407, -0.23374041326892953, -0.2214334975130055, -0.2145523164693263, -0.22467463928497244, -0.2730605993809808, -0.2780008402483776]","[0.02272426835794057, 0.022777827387379667, 0.022454562460767075, 0.024408225584176463, 0.021578477416586413, 0.02691575073698398, 0.0292293402010906, 0.03472836991043484, 0.021323873832074357, 0.019476355008781338, 0.0189177574546629, 0.02463627387439011, 0.019662322301055437, 0.018784953210493675, 0.02402493991670562, 0.0510338505468995, 0.05084860889842214]",-0.21005854093662762,0.0014861408911103278,0.8764424565919505
