mean_samp,err_samp,mean_fit,err_fit,chi2dof
"[-0.16164361619838033, -0.3012635268458972, -0.4768714413651908, -0.46948226261717696, -0.1514670930284881, -0.1313802453391304, -0.15450017626266047, -0.15629389424152454, -0.7856146611471589, -0.7857572182206884, -0.5842524618594864, -0.1441715265301439, -0.14088894888194547]","[0.023176312847709477, 0.08283919236753821, 0.18938393973020157, 0.16440838135674588, 0.012260307295069727, 0.008443059048028966, 0.012120236366744724, 0.008032412519010802, 0.3302406360419623, 0.2613160575058114, 0.1469137778240509, 0.04590151291971613, 0.031818461960105376]",-0.2456110217285938,1.003746295258141,0.048041167829509145
