mean_samp,err_samp,mean_fit,err_fit,chi2dof
"[-0.3666048080630456, -0.4143432669769087, -0.3945684873093846, -0.39284966775836144, -0.4220418922967354, -0.39918938386426556, -0.4188017810073342, -0.4363601810260147, -0.39358010762455625, -0.26865430878005286, -0.22243237140318262, -0.23698431468160666, -0.23606688676909904, -0.19456037491572495, -0.1704579452057887, -0.16410620735503795, -0.16644139192860397, -0.16607719485493852, -0.1621182993471575, -0.1823015256001543, -0.17387173759460095, -0.17111514154446503, -0.17161488170216765, -0.18793472841925177, -0.17732684243293953, -0.17048892252534242, -0.17411364574128285, -0.24472382923764668, -0.17685227665963457, -0.23244696745308027, -0.1743990034951327, -0.16600556942465086, -0.19643434231521947]","[0.1565926868563735, 0.07815215889065169, 0.08984022125809135, 0.10325261311408579, 0.11953917192536379, 0.09651622928828145, 0.08738259559802306, 0.10944967957150727, 0.0792784064466241, 0.02869017574131503, 0.014519221153548388, 0.02700258058371918, 0.022845299251039643, 0.03379043897842139, 0.024699684946374777, 0.016938562825881437, 0.014647060425545987, 0.014773729865404895, 0.011899498498932546, 0.010761929340718982, 0.017746998616260407, 0.05198311144414796, 0.06967185912095104, 0.033521744920613404, 0.03395273035993922, 0.017242522822099607, 0.01991128810165113, 0.03448742728574639, 0.023382808215596584, 0.016956927139424302, 0.017852546303535038, 0.030795452344327262, 0.03374228147668569]",-0.24892025771417708,1.2729827130397184,0.011574899497026411
