mean_samp,err_samp,mean_fit,err_fit,chi2dof
"[-0.012089852749359165, -0.012437541399336336, -0.012581814779837924, -0.012449046518925705, -0.012437535354425258, -0.012158605614235733, -0.012542960295746202]","[0.0008589920238341205, 0.0009467316176506348, 0.000970556062179128, 0.0008665738066641107, 0.0009219353175928593, 0.0007650849130636065, 0.0010333902090697165]",-0.009276480614125688,0.00024678590550754033,0.3487444277524896
