mean_samp,err_samp,mean_fit,err_fit,chi2dof
"[-0.268359255724612, -0.3016010545345508, -0.3071377342391511, -0.2335456394524169, -0.22667770524135486, -0.22880304565324178, -0.24126008455086614, -0.23237961043051847, -0.21650867997540363, -0.21630672369446755, -0.21824838767079296, -0.22259137288376943, -0.21801860782513183, -0.23903503735381168, -0.2320536551374768, -0.21346810638488845, -0.22909462299644373]","[0.030087308384277964, 0.06406773023545802, 0.07369583254297514, 0.016280646354929422, 0.011837161319584193, 0.019670994765745298, 0.02085923645603082, 0.02463994574300341, 0.007993236862181076, 0.00865123372962971, 0.009621153402662022, 0.013496774874821404, 0.008949686626342525, 0.016627913300557386, 0.015987082119836647, 0.010563854838195922, 0.012763963763127183]",-0.2192483198884647,0.004219853153296222,1.1399592366112181
