mean_samp,err_samp,mean_fit,err_fit,chi2dof
"[-0.6536161453238379, -0.6528029019532781, -0.6714832451239211, -0.7040078847117164, -0.7332697763584013, -0.8136843606237901, -0.7662951196790415, -0.7388962636275731, -0.6617141378313932, -0.6651664477550432, -0.7059400717084858, -0.6803358599155527, -0.7519884093484618, -0.7362984632262188, -0.8025899890110592, -0.7923762202727478, -0.7583813556395234, -0.7482610822068291, -0.7938752463735516, -0.7165407854229403, -0.7501159353958049, -0.7799048425822842, -0.7825996064357685, -0.7805369150858318, -0.7745106809039891, -0.7754617702782458, -0.7893472221648196, -0.7959271384129202, -0.7615633658611136, -0.7554652501832917, -0.8056727235111237, -0.8959178534370731, -0.9269041368933978]","[0.14961109684483528, 0.1449492152907818, 0.1095059489812296, 0.08585929772659837, 0.11000564467285229, 0.10350888844948965, 0.12410276611969533, 0.0680646346391189, 0.12479499702282928, 0.14803808764969237, 0.16719856022239546, 0.24435789662523666, 0.2401176946100625, 0.32539532297912976, 0.626309729895969, 0.5065506471404997, 0.3709384137517245, 0.47661688988352596, 0.4922492772583878, 0.2844450690329842, 0.29563408763380783, 0.24249735528553448, 0.17869193965843175, 0.17768700796710613, 0.17708010556574533, 0.13922807559643446, 0.14363345560623425, 0.13269160242610784, 0.13055525918951888, 0.09451207279774383, 0.11906194042938692, 0.16663426633577613, 0.14946238730134506]",-0.7748383568902633,4.059186580633876,0.04336052555501553
