mean_samp,err_samp,mean_fit,err_fit,chi2dof
"[-3.9712187034635567, -3.886811923682562, -3.9650495717315137, -3.9456996186876627, -4.396155641471962, -4.190056468049718, -3.812715041215204, -3.6022184804790958, -3.4294750328646937, -3.444785084404142, -3.568342581654587, -3.489354229590269, -3.3677960764317776, -3.2541609032234113, -3.3986160467259316, -3.3227544606989525, -3.40322615225621]","[0.3222583284389516, 0.2332648288328347, 0.2632823177542363, 0.21294476043108324, 0.4901989957128393, 0.4469238756135823, 0.3537726703198384, 0.2645885621398686, 0.2373507853254412, 0.2653044392313498, 0.25890936468044545, 0.3624851133833445, 0.33911291717600633, 0.3422565965799702, 0.2930842501394692, 0.32761366108429485, 0.3146354720370166]",-4.7595766907862656,17.013820258808014,0.7365784453709838
