mean_samp,err_samp,mean_fit,err_fit,chi2dof
"[-0.48984367136865686, -0.4796781136423196, -0.494026382439559, -0.44207200849681566, -0.41922514806357286, -0.4168797223416276, -0.44440747664055313, -0.4823143451711152, -0.4564852096993456, -0.4366920297340906, -0.44374523449327735, -0.4264551513324604, -0.4163938975198974, -0.43981632520077946, -0.41935868424974665, -0.4301376965735393, -0.4048063916495993]","[0.07284807406784034, 0.053032692687421834, 0.03312274041671284, 0.059501167358997124, 0.08499781772094928, 0.09393610393286607, 0.0716105846150971, 0.05158762263751556, 0.08483085204151007, 0.08173609008965856, 0.10504316762730813, 0.14981768416234276, 0.09231300575616408, 0.05555632273195881, 0.05662386306997431, 0.06337821220123928, 0.058026473331926585]",-0.48492581591277084,1.3955693244237646,0.005937847318706558
