mean_samp,err_samp,mean_fit,err_fit,chi2dof
"[-0.9092266934291131, -1.4600684051816568, -1.0123597135866624, -1.313098623526155, -0.9564836688522786, -0.9609880594772218, -1.5872060221094886, -0.9134568978797366, -0.9405911440582349, -0.9253177040974699, -0.9132347372998829, -0.9504224615812701, -1.2646641363815947, -1.1402035785665892, -0.975300293121664, -1.1014101638233098, -1.0277737873056507, -0.9664214284805307, -0.9137262675663583, -1.099612899227046, -1.1763349017599485, -1.1643102207203126, -1.0879618614782782, -1.035598865932655, -1.085630776919253, -0.9067873691442713, -0.9188360308726846, -0.9601100639011984, -1.0500510766361721, -1.0103181256859934, -1.2503485108996355, -0.9142095969796374, -1.577938541614879]","[0.13305315738731813, 0.1490382239150148, 0.33792730692757716, 0.19766748087816488, 0.16386594951086345, 0.12116624090680726, 0.21988244679139937, 0.09568382304359935, 0.048910501045661685, 0.06521812901351179, 0.08987694279961868, 0.19265423131145154, 0.14438921649399394, 0.09410086330032791, 0.23534922385424428, 0.16247401628823036, 0.2486979064549428, 0.22120784341377148, 0.2899647221740527, 0.19465629577909865, 0.11344228191090697, 0.09189997488306699, 0.11390436504620258, 0.1158836121732019, 0.16327062291796043, 0.13099294884576193, 0.16637549728688572, 0.09820364716693677, 0.04252530169819152, 0.1453079068681911, 0.1383847513529939, 0.15464988847606517, 0.16482137205560551]",-1.1244028507045967,4.16187729987295,0.045582174115506635
