mean_samp,err_samp,mean_fit,err_fit,chi2dof
"[-0.1847977557512847, -0.1858781482618513, -0.20436802517509808, -0.20519907998038225, -0.1955675350751852, -0.22671185163735946, -0.24745850085651583, -0.2050574269633908, -0.2105867807713704, -0.21726036240050284, -0.2109347312784223, -0.21576511727464479, -0.21718823328063727, -0.2203209723799224, -0.23861216849992742, -0.25985933813114725, -0.29114623916308896, -0.2571181853432896, -0.3586047548183061, -0.313297041695157, -0.3380287617412761, -0.27693520056697146, -0.25555831217397573, -0.2597913297687688, -0.23688370367677525]","[0.043019598831726465, 0.04431246521293983, 0.057107335701788525, 0.0557763596815581, 0.0488957722240455, 0.0718179880138428, 0.08178095619873325, 0.05182366118774329, 0.051385660308959774, 0.05392053715333048, 0.04607312588959119, 0.04685668593952963, 0.044513312059318695, 0.046648751323127, 0.05322740631795224, 0.065211560686419, 0.07989537781707087, 0.05934601381021231, 0.12196318248156918, 0.09475706570851748, 0.10620809534372179, 0.0674911697691419, 0.05449462370090578, 0.05567414406634978, 0.04372523973335142]",-0.23711210761016344,1.7490833326300073,0.008179926748132994
