mean_samp,err_samp,mean_fit,err_fit,chi2dof
"[-0.30568095380400234, -0.21789080469952266, -0.24990029193690738, -0.23679089286254038, -0.25097750664543095, -0.25660774473475, -0.2744977922449991]","[0.04320027206229326, 0.06230476539411314, 0.05260347471872012, 0.04972102128342619, 0.04096220474606791, 0.021700210799902867, 0.018149706544405345]",-0.27545074376929585,0.004029650028459457,1.1568396551152025
