mean_samp,err_samp,mean_fit,err_fit,chi2dof
"[-0.6602113910251161, -0.6061899392397972, -0.6179671373341594]","[0.03207849615002607, 0.035190323706489175, 0.0634676871192113]",-0.7293440575426862,0.004042034350036095,1.0551639456592001
