mean_samp,err_samp,mean_fit,err_fit,chi2dof
"[-0.037849262558953045, -0.03592942833873909, -0.03936212274568576, -0.038631817090929624, -0.03980978424782531, -0.05658791713670729, -0.08208025649419282, -0.19708367082530456, -0.11397395320169387, -0.15483635792109185, -0.1619750007479075, -0.06088679713281162, -0.06320465139587449]","[0.005385304864879695, 0.003849128891510021, 0.005228972004113823, 0.00404594988711934, 0.004835186184766148, 0.015075745930074741, 0.03350801305743903, 0.1161498893141876, 0.05373567864788529, 0.0748753537440411, 0.07572866470371045, 0.0137152684692865, 0.014528550368839694]",-0.043501664695944575,0.0005076373326148878,0.7586550738623375
