mean_samp,err_samp,mean_fit,err_fit,chi2dof
"[-0.4133991574101813, -0.9631016671749232, -0.2254921884263759, -0.2241056118952963, -0.19493611616682388, -0.2659850905959424, -0.288057107595137, -0.19186444788754178, -0.1738727663597812, -0.18624127947461677, -0.1612361156232099, -0.1587888070593209, -0.1702800916452946, -0.14896837185524264, -0.2302844452705952, -0.3242344154165482, -0.30730104313325723, -0.21403677344141725, -0.6200075367194904, -0.3835670446268238, -0.45487153110586465, -0.2089337070959822, -0.17811989492966065, -0.17419638394149733, -0.14466662874409444]","[0.13743726837981485, 0.3958093428990227, 0.04238558377757248, 0.033211454778517065, 0.045056721907574336, 0.04868628012475344, 0.058784480749095716, 0.018308553261089818, 0.022873751810449656, 0.041280410096594465, 0.029028978121931958, 0.02187071655771125, 0.013962767849339546, 0.02646875191971514, 0.024447234330147182, 0.06972099280540522, 0.07445706917491968, 0.031184315892926924, 0.22237211097091447, 0.10886567791940185, 0.149515790233823, 0.0270589883296329, 0.02097701521843296, 0.01633098719776005, 0.009155063063490813]",-0.19248993684637913,2.0836166453025626,0.010096414992391682
