mean_samp,err_samp,mean_fit,err_fit,chi2dof
"[-0.010733800245016184, -0.010679071710317773, -0.010489717330922094, -0.010577701222649673, -0.010581570497973349, -0.01063306741624626, -0.010471259844842026, -0.010562564416387936, -0.010436363636611951, -0.010136746912011553, -0.010182484380524121, -0.010087957564824735, -0.010074426280642625]","[0.0006201619399186483, 0.0006264913516325532, 0.0005500623966222135, 0.0006096613816541734, 0.0006266933824876992, 0.0006649670951500046, 0.0005359571971388672, 0.0005443561391968515, 0.0005040380986724361, 0.0003764268912799469, 0.00037009937678042276, 0.0003598090090434221, 0.0003650164234219952]",-0.008023791019437178,0.00014262354846707957,0.47673616653556616
