mean_samp,err_samp,mean_fit,err_fit,chi2dof
"[-5.188647898901777, -3.7404055516633434, nan]","[0.8529259954798452, 0.32832056136812887, nan]",nan,nan,nan
