mean_samp,err_samp,mean_fit,err_fit,chi2dof
"[-0.06172677038144954, -0.062384025993463016, -0.061798901267056096, -0.06184838990526797, -0.0632917917598032, -0.06229439199696403, -0.057646831710566546, -0.06499005747300794, -0.06488193715094608, -0.06485897995562952, -0.0625703491065937, -0.06350903795215375, -0.06176727387463953, -0.05959708958400507, -0.06136043364308597, -0.0604411509997552, -0.06183130662084649]","[0.0012654746406324977, 0.001488323679947461, 0.0012366655087809365, 0.001409304113490499, 0.0021541739502999205, 0.0015810395694438417, 0.004937185263416892, 0.002425892376689559, 0.002269103904221406, 0.0024456234357058673, 0.0019913423716320755, 0.0025129489239083627, 0.0015601225118158405, 0.0022091093598606737, 0.0014182528497502568, 0.0012640945616559124, 0.0014775859296831937]",-0.06050935762537495,0.0002635585298605969,1.157665519645052
