mean_samp,err_samp,mean_fit,err_fit,chi2dof
"[-0.01317275229781173, -0.01183841217374516, -0.011320498406490808, -0.012623912256935637, -0.01231752476654174, -0.01272812559562793, -0.012949451672307483]","[0.0008372628211829702, 0.0010790894234046465, 0.0010035375667080888, 0.001535221890366844, 0.001355626232418817, 0.0010343309668527506, 0.0016207500969886532]",-0.013810754702341454,0.00021915011490843318,0.815220093891838
