mean_samp,err_samp,mean_fit,err_fit,chi2dof
"[-0.08100293662154333, -0.08106408928611525, -0.08072475300914031, -0.0891932572924488, -0.08608794469229325, -0.08519452291822803, -0.08104732269106467, -0.08812623883233164, -0.08132312536944672]","[0.012829395368677617, 0.013359443422738673, 0.013243488825354885, 0.01696808945837957, 0.014803015494353816, 0.014378724283434017, 0.012669264363301205, 0.014169122339693486, 0.011205771907918383]",-0.0746693885896403,0.001046085579558389,0.7193542357253266
