mean_samp,err_samp,mean_fit,err_fit,chi2dof
"[-0.11754613432307232, -0.11142633594820596, -0.09950505537921217, -0.1065980340868557, -0.10408855203405364, -0.10578567702181474, -0.10590590722370095, -0.0996199123655691, -0.0857485315493858, -0.08307676753493101, -0.09194216340219569, -0.09010311317341876, -0.08600975908465609, -0.08136570096695106, -0.07764204682637746, -0.08396218892335268, -0.0920840478316997, -0.10091168019955465, -0.09740555647479396, -0.10626521715364236, -0.10532420417532808, -0.10939449379429052, -0.12037969593362546, -0.12865457855215914, -0.1369736965762932]","[0.022297925733766502, 0.01843998023281085, 0.018497209654650983, 0.02797692625543246, 0.02238669462303131, 0.0210475387084122, 0.017353657193843457, 0.010073746206257292, 0.017215143652575662, 0.014583988899115679, 0.015178306610611442, 0.009799963613949594, 0.01460451216980586, 0.024990455487641405, 0.062193662612126326, 0.05455355744045405, 0.1469036127912653, 0.07058765147003915, 0.040175446322523956, 0.051018188827299915, 0.06291522817684879, 0.06288083375443296, 0.07564917506198297, 0.04890427672049435, 0.025146656114369278]",-0.1875206136573322,2.1748066678470837,0.010999498082414162
