mean_samp,err_samp,mean_fit,err_fit,chi2dof
"[-0.054109273349817175, -0.055478855130581234, -0.05490268580097258, -0.05453716350099807, -0.052855165405150326, -0.05415961130491448, -0.05182236072907007, -0.05328462495011338, -0.053724782741948966, -0.05558647906634062, -0.05253822632996383, -0.05193128299139794, -0.05333317702742003, -0.05571122602347576, -0.05722248254167052, -0.05781639369368231, -0.055186092141068455]","[0.0044018000303265555, 0.004886624449913874, 0.0046460932852232135, 0.004640171230964118, 0.00405387572680867, 0.004942051649365769, 0.003895317714372288, 0.004487475558952187, 0.004298362939017566, 0.004987380657243857, 0.003939622551693096, 0.0036903174231603417, 0.004547796674902802, 0.005608991178029591, 0.006954537521446663, 0.006130039581517334, 0.004808151414082341]",-0.03235986306587272,0.0010382547350953255,0.7893747381091513
