mean_samp,err_samp,mean_fit,err_fit,chi2dof
"[-0.15261207509711994, -0.5651577318159617, -0.15168123229746194, -0.12697794354523192, -0.15148511096625736, -0.15297707315174536, -0.1342085829543305]","[0.017018229450507384, 0.12805314511321822, 0.020520470378902932, 0.021629763049758242, 0.049854422263253644, 0.013162299557010707, 0.05448313193928295]",-0.22558435356363352,0.5938997636205183,0.15440386796450734
