mean_samp,err_samp,mean_fit,err_fit,chi2dof
"[-0.10341959329965403, -0.1032255976135632, -0.104983522558334, -0.10210246689212774, -0.09824672206281218]","[0.003419762574445675, 0.0025490284198887883, 0.0044317438681871915, 0.005702297803618326, 0.006470698088302312]",-0.10571095663849477,0.00041592598059818765,1.121128446143213
