mean_samp,err_samp,mean_fit,err_fit,chi2dof
"[-0.11358357232865451, -0.11594265714485527, -0.11548901632259173, -0.11430005355885502, -0.11596860104872542, -0.1179696297203746, -0.12004211590001876, -0.11618512341647644, -0.118520034002459]","[0.009397383539291223, 0.010007232947557178, 0.010229633720161653, 0.008985948098621466, 0.00938192563337497, 0.009897501871073596, 0.012189634311648757, 0.012383314965239423, 0.013110408227061903]",-0.08386460371394507,0.0013164998692664232,0.6942385571011904
