mean_samp,err_samp,mean_fit,err_fit,chi2dof
"[-0.09705297665370384, -0.0913675688009901, -0.08924521653366732, -0.0897795791691599, -0.09065557480296148, -0.09790392364322524, -0.10634215726942946, -0.09656418899726527, -0.0919599892357135, -0.09142978153830601, -0.09515429635917062, -0.09319856828940005, -0.0894859904914064, -0.09077315225891408, -0.09170700655433767, -0.09059806036960988, -0.09064285158150757]","[0.009505667797037676, 0.005372017722618807, 0.004259267347117814, 0.004283492928656285, 0.004131797671342589, 0.00862047881831854, 0.015125966244133373, 0.00543652092835291, 0.004392155841482208, 0.0036844354993048702, 0.005024660019334508, 0.003645270955804479, 0.003022618612205918, 0.003349292729567205, 0.004539011025601674, 0.003650916391588894, 0.004304219150262297]",-0.07779543737838245,0.0005794658146957318,0.8470070175466822
