mean_samp,err_samp,mean_fit,err_fit,chi2dof
"[-0.14677432173488195, -0.12500318923705958, -0.13011557633953566, -0.12272476576040962, -0.1282509662060716, -0.14047888177867845, -0.13518165909860763, -0.15136760264487328, -0.15480496357738413, -0.15465249848254073, -0.1617175188936825, -0.1349425713750881, -0.14629025022515413]","[0.008533711815855787, 0.01407172905403106, 0.014379287602954705, 0.014345835461536107, 0.019418284658359833, 0.034160889936086965, 0.03447976205394883, 0.05249801789924191, 0.051844813688640086, 0.05632957262979374, 0.07666090615500162, 0.030881148480795796, 0.03243264970504113]",-0.14230824056699146,0.0021123716532070384,1.0125173331347321
