mean_samp,err_samp,mean_fit,err_fit,chi2dof
"[-0.0369545399476334, -0.038279133036933755, -0.03930040206309295, -0.037656825074524045, -0.03579404898459821, -0.03603959970555107, -0.0384398247779723, -0.04094404307711299, -0.0419073433118326, -0.042511118821393655, -0.044977466497051345, -0.05509500102384956, -0.055016987860225595, -0.05062817943182032, -0.05079683772917584, -0.05166324866677336, -0.0468869020758949, -0.048448038340381624, -0.04575954891201945, -0.046713685435795745, -0.041047045086754066, -0.042879015458586626, -0.045288321397703495, -0.043143763748521156, -0.04828143839738578, -0.052770667067008545, -0.05830910912808271, -0.05979799209268351, -0.054775499308212856, -0.05132990962023606, -0.050135475243530965, -0.04978407186703678, -0.04468185500920523]","[0.008098552802424353, 0.007811286912408731, 0.009219729739779003, 0.008726522280716001, 0.006131355705768105, 0.005096504587583897, 0.006256279320543366, 0.009785590211981554, 0.011046721206773765, 0.01066131896749811, 0.013123379391961692, 0.024674175490769987, 0.022209625830035974, 0.017535234302531174, 0.015032940131254278, 0.013938252546678343, 0.01145585160211758, 0.0106249920259116, 0.009294994385375266, 0.009366169781040037, 0.006541521932028906, 0.006736727257401042, 0.008465713839457914, 0.0070482980736641465, 0.008239719985983414, 0.009842408356472874, 0.012332642556758498, 0.012754916376802948, 0.01124854189063054, 0.008786778842176988, 0.008778751305885284, 0.00841964398406651, 0.00675523681919941]",-0.046173360343030836,0.3394845680118374,0.00037418766171349194
