mean_samp,err_samp,mean_fit,err_fit,chi2dof
"[-0.6990733384837609, -0.7604116104455197, -0.7255797071439432, -0.7268389960723322, -0.6988147046311409, -0.6458579493417624, -0.706154942076909, -0.7296524101052128, -0.6950985804290124, -0.6446015832900839, -0.6749102333717564, -0.6783118938720589, -0.6821327932558956, -0.6534747945097835, -0.6736587332450642, -0.6712965185095403, -0.6629278134836792, -0.6795841477341897, -0.8172618784338593, -0.7824602308122085, -0.7652803480137481, -0.7118574172404858, -0.7700696778565252, -0.6457528441187854, -0.682052137130062, -0.7695655749398878, -0.7510473325412288, -0.6415873548074952, -0.5692057993437477, -0.6241746697264816, -0.6024758632803744, -0.619605056009531, -0.7060996946658208]","[0.17905527574967242, 0.1696317738961592, 0.24502191064725032, 0.23425942121692242, 0.16767497881854804, 0.17397553832808496, 0.16175402165790673, 0.10555438614015482, 0.08525184534164876, 0.11476269404060829, 0.11172802992328966, 0.10180510760791836, 0.12616208895680434, 0.10908446784574771, 0.1517712347254314, 0.10374243287902817, 0.15680247213664691, 0.12494563927377138, 0.025769236417113425, 0.022445753315086373, 0.031462310867872635, 0.027043237076755294, 0.06437025774406485, 0.04364307881075283, 0.04863327960964683, 0.07293256903246459, 0.07651121775953675, 0.03209796330000449, 0.04677028775176928, 0.05178962781101651, 0.07329561538473645, 0.08279851146505103, 0.11144270563209967]",-0.7230757001375434,3.7326659750186373,0.03666525848396795
