mean_samp,err_samp,mean_fit,err_fit,chi2dof
"[-0.0717227547607227, -0.06871713190037372, -0.07171490653218926, -0.06895003927010541, -0.07215528554254565, -0.10782410906067966, -0.07902705039853314, -0.06426275420746189]","[0.0049416084765492654, 0.0033940243710040845, 0.004754143604097605, 0.0034973148086709753, 0.002646718746157869, 0.02318920995719425, 0.005640896849116236, 0.004755976616018778]",-0.06729249634169075,0.0014173443231742596,1.4028180698866628
