mean_samp,err_samp,mean_fit,err_fit,chi2dof
"[-0.017750243863065757, -0.04784317527242753, -0.015304669345572635, -0.021128505342495413, -0.013673177986317243, -0.013054225745078852]","[0.005157199218109579, 0.023002634983481884, 0.003052124081099232, 0.005904136694403215, 0.0020746916713901653, 0.0019803154163479607]",-0.018543726910303978,0.044052611038244587,0.018824041476354733
