mean_samp,err_samp,mean_fit,err_fit,chi2dof
"[-1.0842648048141357, -1.13620216272412, -1.1400077187142383, -1.2069525700026877, -1.1610662387126802, -1.1898099343380812, -1.2149087369754983, -1.1491108240809758, -1.0798842327436138, -1.138464972653456, -1.0485659523211144, -1.016647839997037, -1.0716162660494288, -1.260220220476132, -1.0759111745188523, -1.1290001973297041, -1.4232686549167288]","[0.11219539530803165, 0.10127856351726221, 0.1143475862464349, 0.11356068836871173, 0.07179640135979383, 0.08670057987937947, 0.08655751302456752, 0.08544431975199035, 0.048588058550918405, 0.08351712359302982, 0.04114457251637195, 0.056270100817946735, 0.09799116667992122, 0.21121124746517514, 0.0867792155393399, 0.08378019544046678, 0.26014937821940376]",-1.0518768052925358,0.0072649466683548354,1.4045352090446435
