mean_samp,err_samp,mean_fit,err_fit,chi2dof
"[-1.0331601053475545, -1.1614371636271024, -1.0337865370988388, -0.9608445713835604, -1.0766787039848231, -1.0669531447026581, -1.1349424881406724, -1.124241817052243, -1.0680987309805763, -1.1791682387221416, -1.0996753576994935, -1.0396887278303677, -1.0187196505595892, -0.9872385982868006, -0.9782346053472328, -0.980742935022338, -1.0785528383292782, -0.9821048571970253, -0.9657378415215908, -1.0245128217250785, -1.045581034751305, -1.1721931307547553, -0.9594706576214327, -0.9237730989529641, -0.9478103053265058, -0.9987339537808996, -1.0701882388153763, -1.1004556200949003, -1.2129192371448247, -1.303525589018103, -0.8633248189422896, -0.9383218186500579, -0.9305223939202766]","[0.023507735225302178, 0.09258673175241722, 0.042755457490216135, 0.07564916821222364, 0.09053057816872512, 0.05048177803179093, 0.08539010815806583, 0.07514668233983661, 0.05350168844313319, 0.04819662056810571, 0.06361626962562958, 0.06206907740885769, 0.04742287716469399, 0.04734770211619657, 0.0667754297486205, 0.08482224137197171, 0.07781338495494557, 0.09462188443745337, 0.09594861880957997, 0.08135446227103317, 0.06813230848673103, 0.09612736158578342, 0.06212637014988078, 0.047148542887179644, 0.04548591827240651, 0.06710476283725746, 0.07012274997767887, 0.07196852054368448, 0.11176965725002008, 0.10660719566618292, 0.057760089621376014, 0.048643030010695275, 0.1067328547749016]",-1.02481806405765,6.486400956850802,0.11071949016407577
