mean_samp,err_samp,mean_fit,err_fit,chi2dof
"[-0.05570060897823299, -0.058935586139803736, -0.06014524941170506, -0.05998810908298932, -0.05842081903107447, -0.05756967457855992, -0.05765193351692004, -0.05791499119780219, -0.0565992312807793, -0.05590310815217361, -0.05861280113640422, -0.059083367841097176, -0.05976103186669417, -0.061759649221243676, -0.06113452600083077, -0.06156902727340931, -0.06367312168274869]","[0.007730478314156783, 0.01037153599790678, 0.011409911482217195, 0.011167224926045353, 0.00989245491093645, 0.008432158130148835, 0.008394165118662495, 0.008217410268660012, 0.007960368236669135, 0.007299389930702769, 0.008905584290929238, 0.009138014091762174, 0.00890215741313938, 0.010005149349019284, 0.009875645767498348, 0.010140133416818612, 0.011145575844200303]",-0.03495505597321328,0.0008402070936614182,0.29903004569513075
