mean_samp,err_samp,mean_fit,err_fit,chi2dof
"[-0.11003092098518905, -0.1122933770202033, -0.11184422851677601, -0.11076683509957345, -0.11229767444897061, -0.11414138171903937, -0.11610472565614662, -0.11247103384912199, -0.1147214702469063]","[0.008876358346104755, 0.009463675584607482, 0.009679441928916418, 0.008529640625482244, 0.008914087868830967, 0.009411791121366832, 0.011593646507822242, 0.011766398508791109, 0.012454539004608049]",-0.0814130453239952,0.0011945743804153675,0.6595177808866316
