mean_samp,err_samp,mean_fit,err_fit,chi2dof
"[-1.1266725049731705, -1.1238661653107807, -1.2561154723855013, -1.3161913449392622, -1.2771737882069827, -1.2995345058732266, -1.3777776691098236, -1.292510190278746, -1.272788555660044, -1.240028662256088, -1.1432382319247238, -1.1033898151797081, -1.2373900344739044, -1.1271061322587708, -1.1283697287962307, -1.2288055293566273, -1.310588815948392, -1.6648179658051987, -1.4546336446629604, -1.8380561291945623, -1.3823458149351855, -1.3860005215473306, -1.3443024302269122, -1.4937109965611362, -1.6592784575616895, -1.9647860892038487, -2.068817275142381, -2.3709679496322416, -1.789514820979888, -1.8034672022497131, -1.6359097230220254, -1.5693786882894447, -1.6049427313579931]","[0.7861155290163123, 0.3798652711659933, 0.4164852912383947, 1.485561161183157, 0.7200481743932068, 0.2838449313242257, 1.1015275567988068, 0.4631489312437974, 0.58167539469401, 0.35153918458080896, 0.33620818659778284, 0.23697627497139148, 0.24578298506527807, 0.20314654590256484, 0.2354623740054956, 0.2553823309020284, 0.2824586410353096, 0.38275477169170097, 0.6849557714422871, 0.7827494595938889, 0.42274334176949063, 0.9733587610491046, 0.44844829644517736, 0.2351011828389798, 0.18943878512444282, 0.2353696969934052, 0.24997960424480842, 0.5821041543392349, 0.638289077661265, 2.3277116233879527, 0.23844963291804092, 0.20273702560640924, 0.2190533764592485]",-1.4415583809632206,2.183287600324824,0.08512064136835454
