mean_samp,err_samp,mean_fit,err_fit,chi2dof
"[-0.22667111243976848, -0.2054499419844218, -0.1824816434434184, -0.1686749246841142, -0.17285650594996244, -0.1673260646496644, -0.1726471315407395, -0.17441904477410602, -0.17305734361132488]","[0.04148542883410679, 0.022257066817385457, 0.015735835544875156, 0.014762687684718499, 0.04133898627867359, 0.032713836584225046, 0.04030276022664966, 0.056620484233436574, 0.03393465216342131]",-0.191030186579194,0.004201407075215388,1.0735877763529544
