mean_samp,err_samp,mean_fit,err_fit,chi2dof
"[-0.9785423277118823, -0.9693836164935021, -1.153985819579815, -1.2205351574091654, -1.358432331729781, -1.1315707949479097, -1.1047725956584808, -1.0140109617551682, -1.0650830381359446, -0.964623205231883, -0.9517530354123069, -0.9610706056340118, -0.9861295909142921, -0.9489559071079842, -1.0080073694160994, -0.8513697945159431, -0.8764935878098189, -0.8565503582118007, -0.8304205581728211, -0.8252045308904651, -0.9022875388245366, -0.9634117655894218, -0.9832205731053751, -0.9969371200879841, -0.968898364171096, -1.0732165991484304, -1.1069156520372785, -1.1894548202349529, -1.2732363682855194, -1.1729157069928327, -1.1788393893420537, -1.3281503723186188, -1.1354414039913099]","[0.03319448695634337, 0.017006089114921723, 0.08659217183227565, 0.10797543385071388, 0.1389493252199077, 0.06363015728003467, 0.06102155748953753, 0.05471147339068524, 0.06902392972290597, 0.09029972131314705, 0.10169261156649075, 0.1091953463361284, 0.18281040683634334, 0.18642534985852663, 0.17972268496047467, 0.35508027259534275, 0.41999107682554065, 0.36623115153188146, 0.4150048240537707, 0.3437208277101239, 0.3543857429497194, 0.3870225063223375, 0.27824698965882394, 0.25395531206554683, 0.20858063229265528, 0.2725824883824028, 0.24565113029179797, 0.32193263383915416, 0.25648662467137423, 0.19682277454821034, 0.3556738946549593, 0.2715667758633266, 0.1675809261975614]",-1.1593904867414397,6.48502364236297,0.11067247499302191
