mean_samp,err_samp,mean_fit,err_fit,chi2dof
"[-0.035010305959535956, -0.035742773236234905, -0.035251168924424155, -0.03522777171777137, -0.035457232790495785, -0.03502717292171591, -0.03512985589913432, -0.03466095418693958, -0.03461866183786014, -0.034480874074540487, -0.0345727802120038, -0.034439471657472576, -0.03446609839701508, -0.034619969502491806, -0.03440721181642675, -0.03439477733394711, -0.034463923857027554]","[0.002416920820067461, 0.0028843141374128973, 0.0025190068019007145, 0.0023563933739153492, 0.0022874221850285536, 0.002083128232157864, 0.00204641013245985, 0.0018206967369916128, 0.0018117653071045765, 0.0017059242057579037, 0.0017669937198290903, 0.0016221338514771008, 0.0016254097244705814, 0.001720370133170877, 0.0016678731099252309, 0.0016305038099395921, 0.0016325833747796224]",-0.027261964088165874,0.0005337875718074161,0.4595290199319332
