mean_samp,err_samp,mean_fit,err_fit,chi2dof
"[-0.26976302976837535, -0.3269065800382263, -0.6868415171954614, -0.6159307823666874, -0.6199605420813997, -0.4457784394809462, -0.2530157202467748, -0.21298797980616274, -0.10401828759359774, -0.017103456744104743, -0.022762953119648165, -0.03614801893413997, -0.017615179941206448, -0.027209896516907632, -0.08883592450240455, -0.0018593132090842027, -0.005775366637799874, -0.3298364834294926, -0.3026337030510299, -0.3407080181088439, -0.1285779376097707, -0.4457303450339502, -0.20474600866805404, -0.23317110949476721, -0.5984154131812918]","[0.21440910310947572, 0.1169693890671126, 0.17593473567956341, 0.09271816840656519, 0.20934938002172498, 0.12976184936206628, 0.08939399758231777, 0.14357844927546445, 0.07476111358814645, 0.10679279784021382, 0.11283383506180794, 0.376693255164304, 0.028005408299134622, 0.2989127994235397, 0.06107817792232167, 0.1110002374675139, 0.1569331226464171, 0.03632575038964542, 0.05263871019115533, 0.1140549401090536, 0.16196897584143055, 0.10594731538811006, 0.1455302126765638, 0.17058054316320034, 0.14699006012726296]",-0.30884863159638115,10.490468303642032,0.25593006614211017
