mean_samp,err_samp,mean_fit,err_fit,chi2dof
"[-0.30355161850926904, -0.3697798434960175, -0.29246949999276534, -0.284032040071734, -0.2824020197409977, -0.3374438579869452, -0.3037249360771747, -0.28806167817764416, -0.2759272524313695, -0.25314502670899774, -0.21338371403449977, -0.21476043214556606, -0.22978960675290863, -0.22482195291060073, -0.23921229471027508, -0.2305815073292268, -0.23178051724903415, -0.25971403858658193, -0.24491878869220426, -0.23978140388991792, -0.23979633858318863, -0.2554835543594721, -0.2249487832076545, -0.25126674532352633, -0.26580255356561683, -0.27467540267928076, -0.2854745748913053, -0.3180323469119568, -0.3409026163899388, -0.2776084130863243, -0.4709854317181657, -0.38048531772608796, -0.37018357898954973]","[0.02782189852304206, 0.052891813683501925, 0.051826159636541476, 0.06604015617280612, 0.05347705741460682, 0.08773360399479944, 0.053405773463746, 0.02776041501494397, 0.030094258472107113, 0.03282370747836698, 0.010902237373574649, 0.007613435965655678, 0.01052343221498279, 0.007527963428408958, 0.009849879122554315, 0.015622278843217104, 0.016342813488067657, 0.024618356884519448, 0.019167215117499636, 0.023410190862352014, 0.02371820968245134, 0.025258220738889243, 0.010300733909141815, 0.015305333381731626, 0.005750070156213657, 0.01772847797361794, 0.024434407038344638, 0.04051198198030565, 0.07181731708419171, 0.031197224536761128, 0.14000461014668272, 0.07310401429192041, 0.06129334542169418]",-0.27633460335689847,0.7348132410371686,0.003552307694478315
