mean_samp,err_samp,mean_fit,err_fit,chi2dof
"[-0.057735558116952426, -0.05355550537332881, -0.04672320125554694, -0.04842465217493108, -0.04487442138567253, -0.04787674629389569, -0.05210050886850629, -0.04481189555234376, -0.046336079934110895, -0.04458583291848437, -0.04678315480326021, -0.09785294922085382, -0.06707831649223558]","[0.014790817507092938, 0.012782207551474214, 0.0091740990513431, 0.010321829065802616, 0.008875581108599139, 0.009790960400825045, 0.011389414244741443, 0.007885086566719046, 0.008185389056317853, 0.008479695351328103, 0.009212563685873535, 0.032789154437841965, 0.017048912379806304]",-0.053656295321434636,0.1560609938237533,0.0002214269979396741
