mean_samp,err_samp,mean_fit,err_fit,chi2dof
"[-0.019075392167444666, -0.02066095074260281, -0.019096788481733705, -0.036339717754452265, -0.029067586066080918, -0.024711982198938953, -0.017707294161808405]","[0.0022708127241273727, 0.005157027313373352, 0.004932779355485642, 0.011413976597684101, 0.010693084373524836, 0.008059385917788832, 0.0029060147270994294]",-0.016679980827263498,0.00023655839820005108,0.9011445323477719
