mean_samp,err_samp,mean_fit,err_fit,chi2dof
"[-0.06212935340261967, -0.06698101962214247, -0.07388316029615324, -0.07980685022660772, -0.08277504985258846, -0.07950092691069005, -0.07502217500995087, -0.07716397930099193]","[0.003397228465820935, 0.005639058231321398, 0.008750488425111499, 0.009796947490634802, 0.009735035174388097, 0.006208643719354313, 0.004433940041545676, 0.004790341099003045]",-0.07637734758853622,0.002774010518014581,0.21205297753898647
