mean_samp,err_samp,mean_fit,err_fit,chi2dof
"[-0.018731896719761342, -0.0190337247667224, -0.018053511532906685, -0.017653599531630645, -0.017692860215544594, -0.017836232419127428, -0.01835234404167807]","[0.0011577432826987552, 0.0013010240140451112, 0.0009216599027148047, 0.0007598866997630523, 0.0008832612825713562, 0.0008774439192010328, 0.001019513746966997]",-0.01520478526887572,0.0003057083999991564,0.39276864229492775
