mean_samp,err_samp,mean_fit,err_fit,chi2dof
"[-0.8124625763625818, -0.7367704436897233, -0.715141973555535, -0.7306565294836385, -0.720417636510243, -0.7495028631533297, -0.796642579092108, -0.8270310093825423, -0.7779106224022989, -0.7342677945069079, -0.8372798220789082, -0.9774193599934978, -0.890456772853897, -0.7065804141022899, -0.6404359347917288, -0.6287271985300324, -0.5873391320902236, -0.5946802117686513, -0.5929963532327307, -0.5810185605153895, -0.5896752851422081, -0.5825494760042567, -0.5906551559858472, -0.5900959904182044, -0.612833395952444, -0.6031347899924616, -0.6053263232801995, -0.6057058713767256, -0.6294992741474166, -0.6498595969808273, -0.7216563971458485, -0.780373696149814, -0.9246847516710732]","[0.06488131444881044, 0.05900254695491151, 0.08591187453301584, 0.0981885947360559, 0.08821467547655881, 0.07644015801336879, 0.07510694316883242, 0.05816486431191978, 0.056592608982618954, 0.06488532253842257, 0.09938745978169518, 0.1426198272098024, 0.12717876130998207, 0.10395592280883802, 0.194369761177753, 0.16295959801028426, 0.17646632673606946, 0.16076551275535142, 0.1334606985744551, 0.11212881933004153, 0.07997015032633464, 0.12019132243416945, 0.13712066080617769, 0.12622910804302806, 0.09485742010278392, 0.1019225187740607, 0.0979524961263341, 0.10784438234903128, 0.13265366465760642, 0.09349638566562572, 0.08916466914131049, 0.0896109972984596, 0.09878346349566451]",-0.9302646035622822,5.306064041126323,0.07409032039234993
