mean_samp,err_samp,mean_fit,err_fit,chi2dof
"[-0.04000492149249922, -0.036072801236733607, -0.03636494417570566, -0.03656737908809422, -0.03434102227960051, -0.03382127117996762, -0.03470971460485026]","[0.001825332257514163, 0.002118708487273569, 0.003319268481105218, 0.0038639181591945673, 0.002790786582092167, 0.002134824806717891, 0.003036876876867779]",-0.038522145289740115,0.0007207298024123714,0.578561822135594
