mean_samp,err_samp,mean_fit,err_fit,chi2dof
"[-0.15149905000190814, -0.14802379453798428, -0.14931646855857253, -0.1491495172937034, -0.15576010564251758, -0.14850691585420617, -0.14692351142635607, -0.1497120304387802, -0.15312783107653527]","[0.00865622733229151, 0.007267856559591571, 0.007491074609113437, 0.007318365205148466, 0.009759254629840907, 0.006934873252946409, 0.006642199412129383, 0.008549446918220082, 0.010174407801968807]",-0.1425865084439868,0.0019527875876857875,0.4333278047739582
