mean_samp,err_samp,mean_fit,err_fit,chi2dof
"[-0.031034775818731937, -0.0313851478373068, -0.031757951037146605, -0.03242332103556231, -0.03243136635748165, -0.03289063591957066, -0.033519287941600806, -0.03336114448956156, -0.03379803010933902, -0.034305818209717155, -0.03552374720701167, -0.03503953893796794, -0.03512315456552798, -0.03606335727112658, -0.035578360324942826, -0.035386451025966, -0.035520989292752055]","[0.00265742393813709, 0.0027931673905825494, 0.002981139742358746, 0.00325247842896132, 0.003103391313240593, 0.003309082167541247, 0.003665255256359842, 0.0034667379413867066, 0.003823632573266535, 0.004104864350610985, 0.004709860975341355, 0.004115509161350279, 0.004134238290018845, 0.004731488340713787, 0.004357304443467725, 0.004218476801228116, 0.004302503734758775]",-0.021582073650107343,0.0005798048506003167,0.3440954593636229
