mean_samp,err_samp,mean_fit,err_fit,chi2dof
"[-0.10012932714951651, -0.09824252658214931, -0.11666110633944114, -0.11700033952758683, -0.11279149991565213]","[0.017592115239433177, 0.016050288809833065, 0.02513087977865363, 0.026319418187812908, 0.022584452158482402]",-0.058670800232626566,0.0023134081802039996,0.8871765573990802
