mean_samp,err_samp,mean_fit,err_fit,chi2dof
"[-0.03532294533257572, -0.03567569312322412, -0.03606177244288641, -0.03603145778026436, -0.03598042046427558, -0.03619060745348903, -0.03649840304187087, -0.03615871601603506, -0.03621132900827278, -0.03675433200669834, -0.036812013562571654, -0.036845673110550946, -0.03641977603127508, -0.03638762671437744, -0.03618698329610185, -0.036684449570669866, -0.037577324667194344]","[0.0022579561163337293, 0.002357120396666759, 0.002427992620632171, 0.002402553937110723, 0.002343114349338249, 0.0023706647464782826, 0.0024631445901515275, 0.0023694985056439775, 0.0023790128953238383, 0.002537390703656849, 0.0025935121368966586, 0.002631376741209485, 0.0024504430001410543, 0.002399501044277556, 0.0023611616427348984, 0.0025652703470787196, 0.002900065024763509]",-0.026511391114548782,0.0006488483087441449,0.2924012425520211
