mean_samp,err_samp,mean_fit,err_fit,chi2dof
"[-0.053011073396273305, -0.0695774095125164, -0.06197787501404813, -0.06355452451785747, -0.09350929958639968, -0.05643328038799102, -0.05456607801439106, -0.05094739442524379, -0.051850869208507004, -0.046337346732097495, -0.046467783751432096, -0.04922599007420289, -0.05667971413122925, -0.05830775468333273, -0.05382104370426201, -0.04994582092085465, -0.04657593771684078]","[0.006617897449625575, 0.013843968609641225, 0.01036638311033914, 0.0102266474828199, 0.06246860333492893, 0.00934771516487338, 0.007857111023851499, 0.004844006639338873, 0.006041933479000559, 0.004878767435307486, 0.004463627667946778, 0.00733982892038552, 0.016636445670258813, 0.013237626136138127, 0.010396682367779271, 0.006567975603014861, 0.003012971963046092]",-0.04073979141788855,0.0006052752529908463,0.8165846224678611
