mean_samp,err_samp,mean_fit,err_fit,chi2dof
"[-4.262363915949448, -4.272472359929422, -4.467039719692831, -4.559455598795411, -4.6837780592380165, -4.361173819190172, -4.633346533614628, -4.559316576879792, -4.667995671337392, -5.019486714397667, -4.725018132071155, -4.363325959144728, -4.09280479655766, -4.2611804288756705, -4.218831951165325, -4.29898514273119, -4.253349625440119]","[0.5377367683100851, 0.7643402706646888, 0.6695579075575361, 0.396126667401782, 0.11627322702733256, 0.34480982648256636, 0.19905482588407816, 0.10389135041776254, 0.11909490627986977, 0.22214337432355827, 0.0725645662927793, 0.1995612525129573, 0.5493253975479047, 0.7016005857845824, 0.5419834154850819, 0.4025859119657002, 0.4192333173017723]",-4.860587089224698,17.740762893663828,0.800851778980722
