mean_samp,err_samp,mean_fit,err_fit,chi2dof
"[-0.39132328726052273, -0.3477413569120552, -0.25494186021297205, -0.2627589583502947, -0.2170345348843561, -0.22809799183559404, -0.19943915272790771, -0.18341904025105335, -0.17877364058557338, -0.19295643286827585, -0.25531758969041235, -0.19917752875896233, -0.19068356673316272]","[0.10112342551371081, 0.0786226753466791, 0.025559063602404213, 0.031995954504672235, 0.022342050313272212, 0.04781005318372198, 0.026657061784335606, 0.018916551990447457, 0.012933176154643952, 0.025977922185637006, 0.05789353059813408, 0.024945954176236136, 0.01955912116841593]",-0.20405127536672926,0.00311049920860422,1.6192060924073366
