mean_samp,err_samp,mean_fit,err_fit,chi2dof
"[-2.7410158818599255, -2.706646376277323, -2.8569621869597626, -3.006437932045658, -2.9112377786928954, -2.9487689369953065, -3.103344957058268, -4.308775710103008, -3.956514681818803, -5.704546454409302, -4.4581412857583524, -4.277753646946845, -5.019678321417217, -5.339376978129264, -4.793127417324876, -4.316938593512445, -5.250018865680348]","[0.5007316090264963, 0.4473005350851395, 0.5347482631891922, 0.5515271778608434, 0.7527475862626024, 0.8569460118870155, 0.7945337081355176, 0.7689255335308381, 0.38790347484567644, 0.8644867590731051, 0.459337989885284, 0.5472063656077072, 0.6921233304157803, 0.8467535348970877, 0.4653649758878062, 0.29306328588233244, 0.8754536898096845]",-3.4369035460513895,13.454391377373907,0.5111978248564616
