mean_samp,err_samp,mean_fit,err_fit,chi2dof
"[-0.08157735714790247, -0.0956729928657355, -0.09267250411116913, -0.10728333329825016, -0.09341612574280471, -0.09728687077512846, -0.09476484543176264, -0.08367215727507926, -0.08601092434796571, -0.08062292742646636, -0.08018497261352811, -0.08271962985825168, -0.07968944027090452, -0.08091283968095757, -0.08705012471431786, -0.08839868026078214, -0.10042188939916973, -0.08159438928648628, -0.07462451864449529, -0.07374989153351313, -0.07187181992283243, -0.07001159183874749, -0.07246510476628489, -0.06853233503344977, -0.0707397340872016, -0.06785284414588053, -0.07020954195123828, -0.06457493217376732, -0.06493316056860383, -0.06693678606034681, -0.07274286485521651, -0.07616999707099496, -0.07815332235034045]","[0.013195215871756556, 0.02158582639236622, 0.013174403396899058, 0.1000559440050785, 0.014082138690827885, 0.012954764918357524, 0.011531521135845314, 0.012092318122680525, 0.01870820956939628, 0.016012592106203503, 0.02662747149526418, 0.014314087898478553, 0.01820688809499299, 0.012002013117979304, 0.012996400193781413, 0.011486646509753923, 0.01405203079206842, 0.009580163321134766, 0.010383133633823462, 0.009296386838098815, 0.007762523847521491, 0.00761824948524215, 0.007497940467568708, 0.010157653983318549, 0.009758004354090372, 0.007537834143934481, 0.0057036015111043906, 0.005060993585033815, 0.004783497097288458, 0.0046199025683174, 0.005506160032031033, 0.0060843157053244515, 0.005588918894561078]",-0.0992451213082265,5.5366055799350935,0.08066844079396306
