mean_samp,err_samp,mean_fit,err_fit,chi2dof
"[-0.07090029504700687, -0.07182821447316262, -0.07046809822495737, -0.06922849590935473, -0.07022294897995433, -0.0701850318211774, -0.07043731989955737, -0.06889231162497046, -0.06992766266607679]","[0.005215896162238618, 0.005898500099064941, 0.00500420325336261, 0.004561323061235736, 0.004754060426312286, 0.004876534669679768, 0.004841544751731543, 0.004159964701365213, 0.0045345696729700985]",-0.04462242362681466,0.0007942784113945125,0.5860705364062111
