mean_samp,err_samp,mean_fit,err_fit,chi2dof
"[-0.23329199348499283, -0.23828590900336785, -0.23714250371576373, -0.23724631043754993, -0.23770264225051815, -0.2319969044758495, -0.23006934768816886, -0.19825309314251677, -0.23380847149272194]","[0.005899992861188266, 0.005733674435610008, 0.006068175356514745, 0.006979599222285807, 0.006486531627897741, 0.005617300180911254, 0.005968813163578419, 0.02611466739493155, 0.0053215391033042386]",-0.23030726898437792,0.00339340229308346,1.0239620307928707
