mean_samp,err_samp,mean_fit,err_fit,chi2dof
"[-0.2062081553748798, -0.2248532003049673, -0.25920252704393637, -0.2900939633331692, -0.2371409571305831, -0.25704521799222024, -0.24729024025024116, -0.20214983106013137, -0.21326045030761245, -0.19203974115746344, -0.17766291665064826, -0.19006603364611654, -0.18791933537666294, -0.1747846825740506, -0.17011481057072866, -0.1823361106342783, -0.19280603707733526, -0.17103206572494944, -0.1902442160966465, -0.17850986481100034, -0.18144567659570196, -0.19162909444478385, -0.198127230800815, -0.1919384280021332, -0.18226271119559675]","[0.043527219296545155, 0.051795436464214556, 0.06661055796618708, 0.08202901892521336, 0.05718769166105854, 0.06763442162299424, 0.061239216252640914, 0.04172988210384288, 0.046501659482946725, 0.0383791603080929, 0.03216801112719353, 0.03713132221831975, 0.034478882863195094, 0.029819082424847935, 0.028485698425254766, 0.030855374822706224, 0.03651400823393573, 0.030169046036469666, 0.035747362147547146, 0.03269192100207848, 0.031140124672269592, 0.04232983148529911, 0.06767152317315923, 0.03535473537326417, 0.03240776029457927]",-0.20040926247815286,1.2819866795146115,0.003822069516739505
