mean_samp,err_samp,mean_fit,err_fit,chi2dof
"[-0.27926461461111973, -0.28139407637258884, -0.27830270063037216, -0.2877084208288972, -0.2722085791033893, -0.2621506188951983, -0.2634483687242402, -0.2661116201258643, -0.3545123755452154]","[0.01352692517758255, 0.013415720978544005, 0.009409880780126351, 0.01155600833997965, 0.009623804222478034, 0.006868285706508424, 0.011816132499169131, 0.01068710723616627, 0.053570234969076445]",-0.2661438138063626,0.0012461742167839587,0.9814661390569993
