mean_samp,err_samp,mean_fit,err_fit,chi2dof
"[-0.09992929598606376, -0.09061532195784659, -0.09290144924602725, -0.12114717219947685, -0.12509033426029076, -0.12375074345704366, -0.11571402724434028, -0.1208434139759899, -0.11960304661425623, -0.182431670999325, -0.21558716240165057, -0.32477796218908755, -0.8314652570379045, -0.40224311783992067, -0.38964917556211043, -0.4301464765602874, -1.9151177587964383, -0.48005390031701056, -0.38348261159889135, -0.32073653530834767, -0.6028254196109116, -0.23805427024219494, -0.27177908909946125, -0.25515745007602647, -0.2215054265173053]","[0.06897269865973595, 0.05528707203129885, 0.04389997710986081, 0.024489356469082072, 0.02499514523674197, 0.008181879401548983, 0.020701408968568105, 0.012619214784553788, 0.013654917476430179, 0.022052465983735864, 0.039759267819739916, 0.07665612580161338, 0.3212142698517765, 0.12514816722254607, 0.11476927573227844, 0.13470015980722758, 0.8555983975190263, 0.15678117552181844, 0.11241663143433804, 0.0819046190159935, 0.21722737204684509, 0.047305730185979125, 0.05305162457117949, 0.048489381877271656, 0.03754058708874844]",-0.21022058364429647,2.753256872925119,0.01762889215771036
