mean_samp,err_samp,mean_fit,err_fit,chi2dof
"[-0.040476799378589924, -0.04099332541143657, -0.04217021990500327, -0.03979422407432526, -0.0397860563071865, -0.038505009496128034, -0.03868518181154397, -0.03798807256871805, -0.038192570740010826, -0.03890174236479458, -0.03974336304236372, -0.03984044916455455, -0.0376339401573513, -0.03692471921227034, -0.03666045739410465, -0.03808901363392856, -0.04042476010978506]","[0.0026427485789944, 0.0028102686034123508, 0.003344460277469975, 0.001993591988730963, 0.0023401623224638497, 0.001565777838531981, 0.0016446624221036295, 0.0013668928608906146, 0.001159694786791062, 0.0016848741147169706, 0.0023483768552092664, 0.002418418717270402, 0.0016618292474783777, 0.0013236967619461649, 0.0013464914883836866, 0.002211704667746828, 0.0026706770001849057]",-0.03546526545573037,0.00045843439956110856,0.77408833467276
