mean_samp,err_samp,mean_fit,err_fit,chi2dof
"[-0.17965497605585665, -0.09330825695083858, -0.08078635849293954, -0.12466566728215102, -0.07150516690224627, -0.0655823325153971, -0.07286059145231465, -0.10174473501806698, -0.1372019077530212, -0.2895433603065548, -0.209831551353594, -0.07441676832698187, -0.05926358863075337]","[0.060456254565780125, 0.017045929638978247, 0.013509037165253337, 0.028520310468486604, 0.0059421311570160736, 0.004781864252371689, 0.006178915820692302, 0.014640876726522532, 0.03179588887122779, 0.09620694937148337, 0.05566905996843661, 0.006873146181587426, 0.008997901746641392]",-0.05840281881260239,0.0003974803719559335,0.968049820234458
