mean_samp,err_samp,mean_fit,err_fit,chi2dof
"[-0.12088724882649936, -0.12320781162738803, -0.12276531980243746, -0.1190784995213474, -0.12092433916839858, -0.1444718257544432, -0.13747299820978384, -0.165107443975323, -0.13892400706624478, -0.15924586762189263, -0.14522235375769646, -0.11985628908367366, -0.1256926361071266]","[0.009107636468273147, 0.007437854877868184, 0.012465385074740185, 0.011260159735601127, 0.012207238325866884, 0.02077537352249182, 0.021251326201587355, 0.04270715243559844, 0.02211419559967433, 0.029265448277210674, 0.023219817491390744, 0.008916189918630602, 0.012373343902686943]",-0.12983853734419043,0.001681841476679726,1.3089646662727554
