mean_samp,err_samp,mean_fit,err_fit,chi2dof
"[-5.771358735057367, -4.3083925740163185, -6.084849410938703, -5.007324783359453, -4.146686743280411, -4.164288365392019, -3.9564704798180723, -3.857753894755516, -3.749601720231342, -3.840609501288747, -3.789265949837045, -3.908873151908039, -4.344322111166168, -9.221443607772125, -4.922355420654667, -4.46003051137512, -4.2538837930008935]","[0.730313538271708, 0.2259996428072974, 1.0219243975209233, 0.43001768338500385, 0.19038939181748618, 0.13909683991721117, 0.2966342834054478, 0.2564471256283929, 0.5246337804521712, 0.86287949319339, 0.46594597939216836, 0.2352286350303444, 0.1521933256845606, 1.5239577492310663, 0.4609644508857548, 0.48180400583584465, 1.0323458640034504]",-4.530571229448813,17.54154310046223,0.7829671426563947
