mean_samp,err_samp,mean_fit,err_fit,chi2dof
"[-0.2828390354044268, -0.4606645533027793, -0.31373733564734074, -0.28670484552344006, -0.3067663853792439, -0.36694327680341277, -0.3221521488897868, -0.3015725814739254, -0.3225701504387974, -0.26290996556319773, -0.2704289918539171, -0.2553045479686754, -0.24001879403979187, -0.2528671313804687, -0.2421290862098996, -0.25045266080729295, -0.26348575058365714, -0.2714710831242654, -0.28437906072261143, -0.2716016898257021, -0.27448079191185426, -0.3171591775342293, -0.28819992529112076, -0.26380017988667626, -0.2525365334282993, -0.249042966233017, -0.24860013739620954, -0.2503604183857358, -0.23097188546294348, -0.23746642688268874, -0.2323769998155184, -0.2357652199967047, -0.24232649188384509]","[0.04485030511294219, 0.0917018016293891, 0.049314305725196246, 0.03990317280181894, 0.06881893181489912, 0.07079287177711377, 0.07054413166986251, 0.057787822402376315, 0.0394927436372786, 0.05603246910359165, 0.05755465190857777, 0.05237662434736715, 0.06722913735482386, 0.05880249082126661, 0.08353888598290708, 0.059971439995796974, 0.03402132930642392, 0.03838620949773666, 0.04255764744523085, 0.05504497510621806, 0.03728840947864009, 0.031190396873086782, 0.04020989177057596, 0.0415925478955683, 0.060851103628933124, 0.07167398764063172, 0.07854678065751733, 0.10067897378453347, 0.07094057900079884, 0.04738879786899304, 0.054615027590059095, 0.0504674256060111, 0.050073222200343354]",-0.3341384740129124,0.9339677246263025,0.007519795480504249
