mean_samp,err_samp,mean_fit,err_fit,chi2dof
"[-0.3746182127216949, -0.22921254296426224, -0.16350588971196403, -0.1957395572372595, -0.14813479480931555, -0.12804909744761053, -0.13713586330181848, -0.1990611717615481, -0.1584279507466214, -0.12792290740536935, -0.1237576608547906, -0.11914544358789537, -0.12050745410244715, -0.12679678232972735, -0.14936444069759647, -0.13535742461343883, -0.18333606482260295]","[0.08635402599757959, 0.017170444391553814, 0.0202569501252232, 0.010082588537509816, 0.009308046705095819, 0.034330776240566206, 0.05339984029371181, 0.29825279266012045, 0.1007985114339406, 0.021739444814538163, 0.008470531986104904, 0.008813139584089632, 0.014381029293362204, 0.01632617933138319, 0.056370821935392786, 0.027927123562044007, 0.08070990641691357]",-0.19271851386688432,0.5243869588730805,0.17202458015131525
