mean_samp,err_samp,mean_fit,err_fit,chi2dof
"[-0.23171750666231258, -0.28369300166303096, -0.33679471786620435, -0.23761858142269843, -0.17799531528311607, -0.18463826185694207, -0.25224332567576024, -0.5063214205121597, -0.6466165650627573, -0.36927736736262357, -0.7731030859846101, -0.9501062792236163, -0.32556455490553315]","[0.028280448139782918, 0.048652945983657436, 0.050674061288599886, 0.03905637465967978, 0.0741040782556164, 0.05832740951028846, 0.044004099995660614, 0.1540442526280033, 0.23201494865263936, 0.08838354239720901, 0.28059715161526566, 0.37225691952851503, 0.06267345554370202]",-0.20590561007525665,0.0031826468982553316,1.2703940979932762
