mean_samp,err_samp,mean_fit,err_fit,chi2dof
"[-0.6033159069210966, -0.7278500141899154, -0.7942217516020047, -0.6712532793840992, -0.5757526876515683, -0.6294032090035531, -0.5109052632870709, -0.5669972521578669, -0.5295706366275719]","[0.03803162893044689, 0.13061172698412624, 0.18175674342154993, 0.10838118102315956, 0.04341423438326216, 0.052054226001975144, 0.029581482194788913, 0.03377632606246855, 0.021560880410255227]",-0.5401615413118825,0.007067801563744235,1.4579631038282135
