mean_samp,err_samp,mean_fit,err_fit,chi2dof
"[-0.04228746970761892, -0.04369880039355528, -0.04418134339846338, -0.04523949357185165, -0.04453777531514003, -0.046029964774379276, -0.04791251007454769, -0.04684655946621827, -0.046665783750960685, -0.0449651603477283, -0.04776343708340557, -0.04646124561221286, -0.04693992125943551]","[0.00241956167088412, 0.003129414724268969, 0.003317370068242544, 0.003888062281369916, 0.0033291444592290554, 0.003882908373829685, 0.004316958658021591, 0.003924396667656831, 0.003947973228159623, 0.003510012991020435, 0.004222571910665205, 0.004321242239722607, 0.004771224461995302]",-0.037214467358421946,0.0005033325248860143,0.7626535969514805
