mean_samp,err_samp,mean_fit,err_fit,chi2dof
"[-1.0292466662718291, -1.017656987813602, -1.0405625670237637, -1.1051994813481898, -1.085639881095097, -1.7162174292071568, -1.7593294133180255, -1.1187149198778643, -1.5850002902044742, -1.7747159067988036, -1.3476059478856561, -1.032550427839036, -1.1498068811213193, -1.0453464055519666, -0.9733133653532495, -0.9643223722663218, -1.1214648285764606, -1.1045265559924127, -1.6354238889941068, -0.9264162015656517, -1.0806413390998229, -1.1069046307905965, -0.8720853370399377, -1.1767958797495375, -0.9762315022677741, -1.4369710418907835, -1.3815379726423247, -0.822555034392893, -0.7463181133614377, -0.7501172803850937, -0.8440886255226754, -0.8021859837060845, -0.8620902381579786]","[0.18902617845202643, 0.17048402967261503, 0.16249419351798153, 0.17872024376168943, 0.161873097552934, 0.4038686936148935, 0.43989432374924503, 0.13737731141170892, 0.3099495997986992, 0.4024445637168597, 0.19402690715037485, 0.06568464660464296, 0.07194779630094947, 0.3310570930509437, 0.03880239277733137, 0.06735354431732789, 0.19278893464343186, 0.13249321826097854, 0.25372809770799065, 0.19959061742645048, 0.13926583867407902, 0.14155728178091492, 0.07552712542457633, 0.1587330566559938, 0.08831620103030245, 0.2870143905962283, 0.2790717458297037, 0.023603222921841988, 0.03083396447283285, 0.01119262238816236, 0.056150256870196015, 0.029554759679193247, 0.024106925415827544]",-1.0410994932345379,2.021668845097541,0.07298494649245318
