mean_samp,err_samp,mean_fit,err_fit,chi2dof
"[-0.08389928043292377, -0.07717934356851727, -0.07975689485755545, -0.08495341787429414, -0.07725520409762204, -0.09078884124018041, -0.08395089621219988, -0.07507464168994545, -0.08611298704873899, -0.09289369463390282, -0.0983524698336898, -0.11180113642968022, -0.11911732082083724]","[0.028698471028897818, 0.028857991175341373, 0.038321126100395446, 0.040089043922602804, 0.03327500068053775, 0.07475741076917401, 0.1060842267292017, 0.0592689639486953, 0.07860352158899442, 0.0560157707152573, 0.047094075901506736, 0.11896582500002795, 0.0711896296628365]",-0.18851886505829854,1.0007786649751376,0.009724930490992503
