mean_samp,err_samp,mean_fit,err_fit,chi2dof
"[-0.109088959844579, -0.11255334161632947, -0.11108115236949405, -0.11864693194363529, -0.1079279082119188, -0.1121934873327863, -0.1194625066566735, -0.11360976430502677, -0.11915543055163044, -0.11877405657702797, -0.11448035312992307, -0.10165268138487595, -0.10472421643372977, -0.1064032437566529, -0.10242656343418823, -0.10312514050121326, -0.1000833901220864, -0.10167910012045173, -0.09458843255513094, -0.09846981483599794, -0.09456872564754319, -0.09248716066464119, -0.09308423399177186, -0.09882836508226767, -0.09475707199873742]","[0.050757178515258135, 0.05259943987634236, 0.04875009136729755, 0.040750926193601496, 0.051860304603411844, 0.051254517905258326, 0.06795095595053154, 0.05064409104934166, 0.05370485848099918, 0.21033961882918384, 0.08589437131814026, 0.07266556348216906, 0.07657396193514406, 0.06680668336922335, 0.052958648153179085, 0.04699915164683943, 0.04303678128450319, 0.03824896501670291, 0.033645811442373115, 0.03521857019911651, 0.032392883627566635, 0.0339530610854693, 0.035471832092440383, 0.03517773438864947, 0.03465470119901273]",-0.17708816988626383,1.1828784801064167,0.005979493899278206
