mean_samp,err_samp,mean_fit,err_fit,chi2dof
"[-0.015209540508689178, -0.014995840093077728, -0.014588614441957849, -0.014757267665848745, -0.014406660788435343, -0.014493380187395006, -0.014688189541993678]","[0.0012403746606637757, 0.0011564063049277237, 0.0008716460175010935, 0.0009479661523325786, 0.0009748075163340887, 0.0010438612263373994, 0.0012068179045375946]",-0.012248280718525665,0.00021520058384579837,0.8686908646913265
