mean_samp,err_samp,mean_fit,err_fit,chi2dof
"[-0.17260716712873936, -0.1516480326791865, -0.15452684722001656, -0.1673033371967068, -0.16258059488190205, -0.15311931141284396, -0.15915412991852104, -0.1516490157248347, -0.15612762834424415]","[0.020271614911295942, 0.014790052839960868, 0.014332131850449943, 0.02911279332463843, 0.017413696002584453, 0.00917832183729607, 0.010329271310295257, 0.010847288570696863, 0.01263535003121452]",-0.18889038692814455,0.013778382350264429,1.3369606687015763
