mean_samp,err_samp,mean_fit,err_fit,chi2dof
"[-0.017676496532155556, -0.018101133510037528, -0.01714567239970464, -0.01725364960547918, -0.01662980802714025, -0.017089853195612355, -0.017913268936200925, -0.01642327965433536, -0.016510455409670236, -0.016646928479128027, -0.016090192564328733, -0.018042567443008847, -0.01745803138953816]","[0.0016812076261585721, 0.0017882996834517344, 0.0013989699370917758, 0.0014688010948188475, 0.0012566259404924293, 0.0014864400000037157, 0.0021013772288690775, 0.0013136659815480784, 0.001254756909144162, 0.0013210397072730715, 0.0011420510481089058, 0.001986759041034269, 0.0018780823300067295]",-0.010619925911699815,0.0003226758407373939,0.5520500668684727
