mean_samp,err_samp,mean_fit,err_fit,chi2dof
"[-0.04169664214436873, -0.033917772222919106, -0.03270929451999122, -0.03469683331426382, -0.031234762093377878, -0.03304545978355039, -0.03492295721015482]","[0.004637133007006444, 0.002749160621638297, 0.0020420975652304884, 0.002795951847015496, 0.002071322983318794, 0.00254152576269029, 0.0032057179012313897]",-0.03728017567335257,0.0005430158505395312,1.1099924480164123
