mean_samp,err_samp,mean_fit,err_fit,chi2dof
"[-0.2172537235687148, -0.22873176483356472, -0.22301396870189102, -0.2693155829028564, -0.21751514190598342, -0.20794309013418888, -0.18842482949501904, -0.17762208970077095, -0.19555777860138018, -0.2092588131837376, -0.22143023233855363, -0.2426095292575903, -0.24213013772977196]","[0.047469337340822176, 0.0504204480838476, 0.04921030811469406, 0.07347250222741136, 0.04704132348109511, 0.040873184778437995, 0.032959867769731775, 0.028003852337807347, 0.03311052314546397, 0.0364999737623044, 0.039168488116161276, 0.04836230574540932, 0.04962172868915314]",-0.17792766699744525,0.0019048915106950459,0.6890141065283736
