mean_samp,err_samp,mean_fit,err_fit,chi2dof
"[-0.5903826073347224, -0.6195336256779435, -0.6536447553155269, -0.6287928734950268, -0.6077538242191343, -0.5698615756798244, -0.6034595908970083, -0.6345978174656242, -0.6282310275471156, -0.6476686797146848, -0.7359908213598995, -0.7119994965392049, -0.684876956806639, -0.6171461457609061, -0.6547645309056216, -0.6207588871859727, -0.6525100973504959]","[0.027257904774825058, 0.028922355809471608, 0.040357840259170615, 0.026452020453509265, 0.04319198215467397, 0.04080168934882683, 0.03212895794002993, 0.029322949624128618, 0.043104363999361975, 0.03221438433643854, 0.05641599760478957, 0.053956721826045995, 0.05354611071683276, 0.03206439279831227, 0.04241441601803661, 0.03270500294819656, 0.042504782939153905]",-0.7203738003825799,1.7009559629069162,0.007361962880491045
