mean_samp,err_samp,mean_fit,err_fit,chi2dof
"[-0.06130979243943878, -0.047455891505552246, -0.03621841722284946, -0.037356169019696496, -0.04314066508742698, -0.04196598314094183, -0.033020001348563165]","[0.02509401938818964, 0.011992286135869286, 0.0041905143597650695, 0.014307539533359684, 0.01861532722853753, 0.01324912102393799, 0.005085517255603316]",-0.04594133243566063,0.0013723315871441504,1.284037670529613
