mean_samp,err_samp,mean_fit,err_fit,chi2dof
"[-0.12584705485820927, -0.12632033573787735, -0.12001701725270195, -0.11829506651738904, -0.11911936781172879, -0.12057643227331385, -0.12110803821651112, -0.11728776243292029, -0.11216998322505203]","[0.00939063330057506, 0.010935817849209665, 0.0067872508616891114, 0.005496989961996041, 0.00472121197936836, 0.006638344281064832, 0.009247893678051074, 0.00614179154267818, 0.004896414968866087]",-0.12998620897566754,0.00045821702554275164,1.268246587990622
