mean_samp,err_samp,mean_fit,err_fit,chi2dof
"[-0.5778751805873817, -0.6063619429818693, -0.5568881306614847, -0.6409266561394961, -0.5541108525076198, -0.5256102439520876, -0.5251029188565433, -0.47814154463286174, -0.46399112765241096]","[0.08568686853352302, 0.09871318122506484, 0.07068835298480135, 0.112474689547543, 0.06429432165765038, 0.045349524204169364, 0.04345765250872349, 0.01389489758436718, 0.0076680802837120685]",-0.4695867667618716,0.05128417973814349,1.0159801624610867
