mean_samp,err_samp,mean_fit,err_fit,chi2dof
"[-0.09570121476981296, -0.09603820598087666, -0.09868743618117475, -0.10001203608303984, -0.10496160161956558, -0.10817408072501948, -0.12288375831755047, -0.11234030338694971, -0.1313866706067422]","[0.002334000883493569, 0.002606044097115284, 0.0038654725217971532, 0.003276836188021404, 0.004013629750269361, 0.004757968990325846, 0.011197049298562013, 0.006801463000136725, 0.01728303023052556]",-0.1007695270325476,0.0004750136267122838,1.1985988667958525
