mean_samp,err_samp,mean_fit,err_fit,chi2dof
"[-0.0551150113647854, -0.05438626334575947, -0.05308014476849943, -0.05367644114684792, -0.053168888370010665, -0.05960709061035962, -0.053125765802852255, -0.054270707574026106]","[0.0026457090219194515, 0.002680518061063409, 0.0029693050798985346, 0.002621438404968538, 0.0024399599235770376, 0.003768553803132991, 0.0025725703494280695, 0.002762315013383732]",-0.05224907078329043,0.0014016145488427022,0.6953234125759155
