mean_samp,err_samp,mean_fit,err_fit,chi2dof
"[-0.024999701997631296, -0.023563425705556817, -0.024927753756018373, -0.024169780418186966, -0.023446255638589864, -0.023374961724315718, -0.020167996920264247, -0.02020792977438089, -0.020047275651633455, -0.020671442354805575, -0.02017238930486063, -0.021835104698327293, -0.022795903373266427]","[0.003116343732681112, 0.0024420386258923402, 0.002454213443455567, 0.0021756500559096054, 0.0020813558746313704, 0.001980166928505371, 0.0011634930897594289, 0.00117697121308848, 0.0011095069368470148, 0.0012292669065118273, 0.0010815911491805763, 0.001405867305690416, 0.0020329036313486517]",-0.019409306906715565,0.00015649911195237358,0.6342296877187155
