mean_samp,err_samp,mean_fit,err_fit,chi2dof
"[-0.7303925196353179, -0.7122303164307046, -0.7078335859873791, -0.8028968180016087, -0.7645206072199249, -0.6460363250359117, -0.7058783869570188, -0.66858006410014, -0.6364412156602423, -0.6579321183969247, -0.6439579948654096, -0.619871730974327, -0.6058852170699652, -0.5633491715673703, -0.5660250745111568, -0.5668265815826006, -0.5552530203915707]","[0.09418253302542749, 0.09656471505425461, 0.09085435737805536, 0.11706994093131426, 0.08870700224612099, 0.05104867694639399, 0.058990795289388075, 0.07018766435885061, 0.0595048423392019, 0.05688897984801074, 0.060036829679140404, 0.05483529403796227, 0.04663769641881677, 0.04938940832699955, 0.0562298080773188, 0.07801602567878106, 0.20883827198457366]",-0.7505504578496012,0.00696770007680954,0.758955411322456
