mean_samp,err_samp,mean_fit,err_fit,chi2dof
"[-1.1742006168861758, -1.203752835679376, -1.0470324090342842, -1.0915433366422473, -1.2728634001954129, -0.9598465582624893, -1.0821360899258565, -1.1296156803656372, -1.115384194359747]","[0.18990092785811052, 0.11195930610388141, 0.06452576862667933, 0.14506099880959664, 0.19294257411357013, 0.016350845961864067, 0.05252120897829693, 0.041614853266732386, 0.05179135683905349]",-1.0427772685586278,0.007299340503916092,1.9369263941192456
