mean_samp,err_samp,mean_fit,err_fit,chi2dof
"[-0.07766678602865322, -0.0795720519235739, -0.08329669256631646, -0.08263231116829532, -0.07912502542784154, -0.0747382921504551, -0.07196820037360108, -0.07319553317901359, -0.07235773828395045]","[0.009979422533849489, 0.01200061026870051, 0.013832361225079547, 0.012226529630020137, 0.010824782021668538, 0.00903139782775507, 0.007425171213442944, 0.0066487794049938445, 0.005628171792108372]",-0.04456947351865334,0.0007761803161917896,0.44770382536994197
