mean_samp,err_samp,mean_fit,err_fit,chi2dof
"[-0.8860412192838479, -1.4446756389617388, -1.47553148952673, -1.3608256339115918, -1.2872167574774922, -1.3699542836179102, -1.3095785133170101, -1.3067468017998307, -1.265931553148776, -1.2256853621007153, -1.3813860928611692, -1.338556620932494, -1.3147530979315514, -1.3274641676063381, -1.3744789177629315, -1.4053161336638222, -1.4262945592704632, -1.4367528649838048, -1.4944378792812674, -1.6581892218781793, -1.581318979108929, -1.540318518293654, -1.427505150219064, -1.3801637346588667, -1.3985183340623752, -1.3485273977380927, -1.3635652783752263, -1.3580790714402289, -1.3668319867353134, -1.3787685746718767, -1.4445521143508127, -1.398708234631021, -1.3747107122510005]","[0.23661856936852627, 0.12258991724314768, 0.13319171930687046, 0.0571902448799436, 0.08455676131897844, 0.12467450368548744, 0.09482487704987763, 0.08478705636185872, 0.10407696634576095, 0.05214759272931477, 0.07483270921697174, 0.06878899326429105, 0.04036990781694866, 0.049945424162173, 0.05953351425254409, 0.053962437140212434, 0.1083161023290922, 0.08666952980185037, 0.10370582529662623, 0.1560847212189063, 0.12946184231734081, 0.08063986709666836, 0.07949420336261147, 0.08023843411084051, 0.09314110469666886, 0.06555959446840813, 0.07698703668469546, 0.08575650587744105, 0.06047140645749889, 0.06632749323340868, 0.0888856172388373, 0.09554618454393457, 0.10026366613019266]",-1.3903985759061985,2.2345398273807158,0.020133749491575044
