mean_samp,err_samp,mean_fit,err_fit,chi2dof
"[-0.0666492409234172, -0.06202795069325128, -0.06438890858231701, -0.06542700042845377, -0.06757117941994983, -0.06620119345367724, -0.07264707318937623, -0.07071416415568212, -0.06782811434028926, -0.06652361998762724, -0.06416704592791053, -0.06430131049201497, -0.06276504869857004, -0.06546806580293914, -0.07035992725429052, -0.07305804394100972, -0.0725995810397377]","[0.003623852971276204, 0.004027798835336421, 0.004050426230486184, 0.003230890574197244, 0.003166018053268801, 0.002286020738356463, 0.0044985857973968745, 0.004193429364765277, 0.002934489129289459, 0.0032772330280701296, 0.004169159392749458, 0.0027393330800177984, 0.0024418532673023668, 0.0027199788307691103, 0.0030792091868174936, 0.0034474323201643784, 0.003630802054261007]",-0.0907332245330309,0.39367933739641414,0.0006199337552289215
