mean,err,chi2dof
-0.04529028438274024,0.0001241669412160815,0.5968688232633033
