mean,err,chi2dof
-0.027593236336573703,0.00021015204372218867,1.1581888599345669
