mean,err,chi2dof
-0.07074616591293041,0.00036657134080270967,1.3122671045088616
